α/α;Όνομα Μητρώου;Τύπος;Επίπεδο;Χρήση;Πρόβλημα με όνομα;Πρόταση Παράληψης;Αιτολόγηση Παράληψης;Σχόλια
1;Μητρώο Εγγεγραμμένων Εξαγωγέων REX;Επιχειρήσεις;Εθνικό;;FALSE;FALSE;;
2;Μητρώο ιχνηλασιμότητας καπνικών προϊόντων;Προϊόντα/Υπηρεσίες;Εθνικό;;FALSE;FALSE;;
3;Φορολογικό μητρώο;Οικονομική δραστηριότητα;Εθνικό;;FALSE;FALSE;;
4;Εγκεκριμένοι κώδικες δεοντολογίας;Νομοθεσία;Τομεακό;;FALSE;FALSE;;
5;Πράξεις της Αρχής;Αρχεία;Τομεακό;Εσωτερική;FALSE;FALSE;;
6;Σχήματα πιστοποίησης - Κριτήρια πιστοποίησης;Νομοθεσία;Εθνικό;;TRUE;FALSE;;
7;Χορήγηση της λίστας του άρθρου 13;Νομοθεσία;Εθνικό;Εσωτερική;TRUE;FALSE;;
8;Μητρώο Εμπειρογνωμόνων (ΕΘΑΑΕ);Πολίτες+;Τομεακό;1 υπηρεσία;TRUE;FALSE;;
9;Μητρώο Φοιτητών (ΕΘΑΑΕ);Πολίτες+;Εθνικό;1 υπηρεσία;TRUE;FALSE;;
10;Μητρώο αδειοδοτημένων σε άλλα κράτη μέλη παρόχων υπηρεσιών μέσων επικοινωνίας τα προγράμματα των οποίων παρέχονται στην Ελλάδα;Επιχειρήσεις;Εθνικό;;FALSE;FALSE;;
11;Μητρώο αλλοδαπών παρόχων κατά παραγγελία υπηρεσιών μέσων επικοινωνίας που παρέχουν τις υπηρεσίες τους στην Ελλάδα;Επιχειρήσεις;Εθνικό;;FALSE;FALSE;;
12;Μητρώο εγκατεστημένων στην Ελλάδα παρόχων υπηρεσιών μέσων επικοινωνίας (γραμμικών και μη);Επιχειρήσεις;Εθνικό;;FALSE;FALSE;;
13;Μητρώο επιχειρήσεων που τηρούνται βάσει των λοιπών διατάξεων του ΠΔ 310/1996;Επιχειρήσεις;Εθνικό;;FALSE;FALSE;;
14;Μητρώο παρόχων συνδρομητικών ραδιοφωνικών και τηλεοπτικών υπηρεσιών (κάτοχοι αδείας του Ν 2644/1998);Επιχειρήσεις;Εθνικό;;FALSE;FALSE;;
15;Μητρώο παρόχων υπηρεσιών πλατφόρμας διαμοιρασμού βίντεο;Επιχειρήσεις;Εθνικό;;FALSE;FALSE;;
16;Μητρώο ραδιοφωνικών σταθμών (ανά νομό);Επιχειρήσεις;Εθνικό;;FALSE;FALSE;;
17;Μητρώο τηλεοπτικών σταθμών ελεύθερης λήψης;Επιχειρήσεις;Εθνικό;;FALSE;FALSE;;
18;Μητρώο φορέων και επιχειρήσεων δημοσκοπήσεων;Επιχειρήσεις;Εθνικό;;FALSE;FALSE;;
19;Μητρώο Δήμων, Κοινοτήτων και Οικισμών;Οργανισμοί/Φορείς;Εθνικό;;FALSE;FALSE;;
20;Μητρώο Φορέων Γενικής Κυβέρνησης;Οργανισμοί/Φορείς;Εθνικό;Πολλές υπηρεσίες;FALSE;FALSE;;
21;Στατιστικό Μητρώο Επιχειρήσεων;Επιχειρήσεις;Εθνικό;;FALSE;FALSE;;
22;Μητρώο Αναθετουσών Αρχών / Αναθετόντων Φορέων;Οργανισμοί/Φορείς;Εθνικό;;FALSE;FALSE;;
23;Μητρώο Αποκλεισθέντων Οικονομικών Φορέων;Οργανισμοί/Φορείς;Εθνικό;;FALSE;FALSE;;
24;Ειδικό Μητρώο Προμηθευτών Εξοπλισμού Διεξαγωγής Τυχερών Παιγνίων;Επιχειρήσεις;Εθνικό;1 υπηρεσία;FALSE;FALSE;;
25;Κατάλογος μη Αδειοδοτημένων Παρόχων Τυχερών Παιγνίων (Blacklist);Επιχειρήσεις;Εθνικό;1 υπηρεσία;FALSE;FALSE;;
26;Κατάλογος Χαρακτηρισμένων Παιγνίων;Αντικείμενα;Εθνικό;;FALSE;FALSE;;
27;Κατάσταση Τυχερών Παιγνίων που Διεξάγονται μέσω Ραδιοτηλεοπτικών και Τηλεπικοινωνιακών Μέσων;Αντικείμενα;Εθνικό;;FALSE;FALSE;;
28;Μητρώο Αδειοδοτημένων Φορέων Εκμετάλλευσης Ηλεκτρονικών Τεχνικών-Ψυχαγωγικών Παιγνίων (ΗΤΨΠ);Επιχειρήσεις;Εθνικό;1 υπηρεσία;FALSE;FALSE;;
29;Μητρώο Αποκλειόμενων Παικτών;Πολίτες+;Εθνικό;1 υπηρεσία;TRUE;FALSE;;
30;Μητρώο Διοικητικού και Λοιπού Προσωπικού Επιχείρησης Καζίνο;Προσωπικό;Τομεακό;Εσωτερική;FALSE;FALSE;;
31;Μητρώο Κατασκευαστών;Επιχειρήσεις;Εθνικό;Πολλές υπηρεσίες;TRUE;FALSE;;
32;Μητρώο Κατόχων Άδειας Διοργάνωσης και Διεξαγωγής Τυχερών Παιγνίων;Άδειες;Εθνικό;1 υπηρεσία;FALSE;FALSE;;
33;Μητρώο Μετόχων - Εταίρων Κατόχου Άδειας Διεξαγωγής Τυχερών Παιγνίων;Πολίτες+;Εθνικό;Εσωτερική;FALSE;FALSE;;
34;Μητρώο Οργανισμών Πιστοποίησης;Οργανισμοί/Φορείς;Τομεακό;;TRUE;FALSE;;
35;Μητρώο Πιστοποιημένων Ηλεκτρονικών Τεχνικών-Ψυχαγωγικών Παιγνίων (ΗΤΨΠ);Αντικείμενα;Εθνικό;;FALSE;FALSE;;
36;Μητρώο Πιστοποιημένων Καταστημάτων Διεξαγωγής Παιγνίων με Παιγνιομηχανήματα τύπου Video Lottery Terminals (VLT);Επιχειρήσεις;Εθνικό;;FALSE;FALSE;;
37;Μητρώο Πιστοποιημένων Καταστημάτων Ηλεκτρονικών Τεχνικών-Ψυχαγωγικών Παιγνίων (ΗΤΨΠ);Επιχειρήσεις;Εθνικό;;FALSE;FALSE;;
38;Μητρώο Πιστοποιημένων Παιγνιομηχανημάτων Ηλεκτρονικών Τεχνικών-Ψυχαγωγικών Παιγνίων (ΗΤΨΠ);Αντικείμενα;Εθνικό;;FALSE;FALSE;;
39;Μητρώο Πιστοποιημένων Τεχνικών Παιγνίων και Παιγνιομηχανημάτων Ηλεκτρονικών Τεχνικών-Ψυχαγωγικών Παιγνίων (ΗΤΨΠ);Πολίτες+;Εθνικό;;FALSE;FALSE;;
40;Μητρώο Προμηθευτών - Εισαγωγέων;Επιχειρήσεις;Εθνικό;;TRUE;FALSE;;
41;Μητρώο Προσώπων που Επιτελούν Κρίσιμες Λειτουργίες;Πολίτες+;Εθνικό;;TRUE;FALSE;;
42;Μητρώο Συνεργατών (Affiliates);Πολίτες+;Εθνικό;;TRUE;FALSE;;
43;Μητρώο Συνεργατών Επιχείρησης Καζίνο (Junket);Πολίτες+;Εθνικό;Πολλές υπηρεσίες;FALSE;FALSE;;
44;Μητρώο Τεχνικών;Πολίτες+;Εθνικό;;TRUE;FALSE;;
45;Μητρώο Τεχνικών Μέσων και Υλικών (ΤΜΚΥ) Διεξαγωγής Τυχερών Παιγνίων;Αντικείμενα;Εθνικό;;FALSE;FALSE;;
46;Εθνικό Μητρώο Αδειών Μηχανοδηγού (ΕΜΑΜ), άρθρο 22.1α ν.3911/2011 (Α’12);Άδειες;Εθνικό;1 υπηρεσία;FALSE;FALSE;;
47;Εθνικό Μητρώο Οχημάτων (ΕΜΟ), άρθρο 46 του ν.4632/2019 (Α’ 159);Οχήματα;Εθνικό;1 υπηρεσία;FALSE;FALSE;;
48;Μητρώο Αναγνωρισμένων Εκπαιδευτικών Κέντρων Μηχανοδηγών και Υποψηφίων Μηχανοδηγών, άρθρα 19.1ε και 20.2 ν.3911/2011 (Α’12);Υποδομές;Εθνικό;Πολλές υπηρεσίες;FALSE;FALSE;;
49;Μητρώο Αναγνωρισμένων Εξεταστών Μηχανοδηγών και Υποψηφίων Μηχανοδηγών, άρθρο 76 ν.4530/2018 (Α’ 59);Πολίτες+;Εθνικό;1 υπηρεσία;FALSE;FALSE;;
50;Μητρώο Αναγνωρισμένων Ιατρών, άρθρα 19.1ε και 20.2 ν.3911/2011 (Α’12);Πολίτες+;Εθνικό;1 υπηρεσία;FALSE;FALSE;;
51;Μητρώο Πιστοποιημένων Εκπαιδευτών Μηχανοδηγών και Υποψηφίων Μηχανοδηγών, άρθρο 76 ν.4530/2018 (Α’ 59);Πολίτες+;Εθνικό;1 υπηρεσία;FALSE;FALSE;;
52;Μητρώο Σιδηροδρομικών Επιχειρήσεων, άρθρο 25.1 του ν.4408/2016 (Α’ 135);Επιχειρήσεις;Εθνικό;1 υπηρεσία;FALSE;FALSE;;
53;Εθνικό Μητρώο Αγροτικών Συνεταιρισμών και άλλων Συλλογικών Φορέων (ΕΜΑΣ);Οργανισμοί/Φορείς;Εθνικό;Πολλές υπηρεσίες;FALSE;FALSE;;
54;Εθνικός Πίνακας Κριτών (Ν4310/14 άρθρο 30);Πολίτες+;Εθνικό;;FALSE;FALSE;;
55;Ενιαίο Μητρώο Εμπόρων Αγροτικών Προϊόντων, Εφοδίων και Εισροών (Ε.Μ.Ε.Α.Π.Ε.Ε.);Επιχειρήσεις;Εθνικό;Πολλές υπηρεσίες;FALSE;FALSE;;
56;Ηλεκτρονικό Περιβαλλοντικό Μητρώο;Νομοθεσία;Εθνικό;;FALSE;FALSE;;
57;Κεντρικό Ηλεκτρονικό Μητρώο Οικοτεχνίας (ΚΗΜΟ);Οικονομική δραστηριότητα;Εθνικό;1 υπηρεσία;FALSE;FALSE;;
58;Μελισσοκομικό Μητρώο;Επιχειρήσεις;Εθνικό;1 υπηρεσία;FALSE;FALSE;;
59;Μητρώο Αγροτών και Αγροτικών Εκμεταλλεύσεων;Οικονομική δραστηριότητα;Εθνικό;Πολλές υπηρεσίες;FALSE;FALSE;;
60;Μητρώο Αδειών Εμπορίας & Παραγωγής Πολλαπλασιαστικού Υλικού;Άδειες;Εθνικό;1 υπηρεσία;FALSE;FALSE;;
61;Μητρώο Βιοκαλλιεργητών;Επιχειρήσεις;Εθνικό;Πολλές υπηρεσίες;FALSE;FALSE;;
62;Μητρώο Βιοκτόνων Προιόντων;Προϊόντα/Υπηρεσίες;Εθνικό;Πολλές υπηρεσίες;FALSE;FALSE;;
63;Μητρώο Βιομηχανιών Βιοτεχνιών Γεωργικών Φαρμάκων;Προϊόντα/Υπηρεσίες;Εθνικό;Πολλές υπηρεσίες;FALSE;FALSE;;
64;Μητρώο Βιομηχανιών και Βιοτεχνιών Φυτοπροστατευτικών Προϊόντων;Προϊόντα/Υπηρεσίες;Εθνικό;Πολλές υπηρεσίες;FALSE;FALSE;;
65;Μητρώο Γεωργικών Στατιστικών Οργάνων;Αντικείμενα;Εθνικό;1 υπηρεσία;TRUE;FALSE;;
66;Μητρώο Εγκαταστάσεων Βοοειδών - Χοίρων - Αιγοπροβάτων;Υποδομές;Εθνικό;Πολλές υπηρεσίες;FALSE;FALSE;;
67;Μητρώο Εγκαταστάσεων και Εμπόρων Ζωικών Προιόντων;Υποδομές;Εθνικό;Πολλές υπηρεσίες;FALSE;FALSE;;
68;Μητρώο Εγκαταστάσεων Συσκευασίας νωπών οπορωκηπευτικών;Υποδομές;Εθνικό;Πολλές υπηρεσίες;FALSE;FALSE;;
69;Μητρώο Εγκεκριμένων Γεωργικών Φαρμάκων;Προϊόντα/Υπηρεσίες;Εθνικό;1 υπηρεσία;FALSE;FALSE;;
70;Μητρώο εγκεκριμένων κέντρων αποθήκευσης & παραγωγής σπέρματος;Άδειες;Εθνικό;1 υπηρεσία;FALSE;FALSE;;
71;Μητρώο εγκεκριμένων Μέσων Σήμανσης;Αντικείμενα;Εθνικό;1 υπηρεσία;TRUE;FALSE;;
72;Μητρώο Εγκεκριμένων Οχημάτων Μεταφοράς Ζωικών Υποπροιόντων;Οχήματα;Εθνικό;Πολλές υπηρεσίες;FALSE;FALSE;;
73;Μητρώο Εγκεκριμένων Σφαγείων;Υποδομές;Εθνικό;Πολλές υπηρεσίες;FALSE;FALSE;;
74;Μητρώο εμπόρων ζωικών προϊόντων;Προϊόντα/Υπηρεσίες;Εθνικό;;FALSE;FALSE;;
75;Μητρώο Εμπόρων Ζώντων Ζώων;Επιχειρήσεις;Εθνικό;Πολλές υπηρεσίες;FALSE;FALSE;;
76;Μητρώο Εμπόρων Νωπών Οπωροκηπευτικών (ΜΕΝΟ);Επιχειρήσεις;Τομεακό;Πολλές υπηρεσίες;FALSE;FALSE;;
77;Μητρώο Εξεταστικών Κέντρων Πιστοποίησης Γεωργικών φαρμάκων;Υποδομές;Τομεακό;;FALSE;FALSE;;
78;Μητρώο Επαγγελματικών Αλιευτικών Σκαφών;Οχήματα;Εθνικό;Πολλές υπηρεσίες;FALSE;FALSE;;
79;Μητρώο Επιχειρήσεων Εμπορίας Λιπασμάτων;Επιχειρήσεις;Εθνικό;Πολλές υπηρεσίες;FALSE;FALSE;;
80;Μητρώο Επιχειρήσεων Ζωοτροφών;Επιχειρήσεις;Εθνικό;Πολλές υπηρεσίες;FALSE;FALSE;;
81;ΜΗΤΡΩΟ ΕΠΙΧΕΙΡΗΣΕΩΝ ΠΟΥ ΔΙΑΘΕΤΟΥΝ ΑΔΕΙΑ ΚΑΤΑΠΟΛΕΜΗΣΗΣ ΕΝΤΟΜΩΝ ΚΑΙ ΤΡΩΚΤΙΚΩΝ;Επιχειρήσεις;Εθνικό;Πολλές υπηρεσίες;FALSE;FALSE;;
82;Μητρώο Ζωϊκού Κεφαλαίου (ΟΠΣ Κτηνιατρικής);Άλλο;Εθνικό;1 υπηρεσία;TRUE;FALSE;;
83;Μητρώο Ζώων Συντροφιάς;Άλλο;Εθνικό;1 υπηρεσία;FALSE;FALSE;;
84;Μητρώο Θερμοκηπίων και Δικτυοκηπίων;Υποδομές;Εθνικό;Πολλές υπηρεσίες;FALSE;FALSE;;
85;Μητρώο Ιπποειδών;Άλλο;Τομεακό;1 υπηρεσία;FALSE;FALSE;;
86;Μητρώο Καλλιεργητών Βιομηχανικής Κάνναβης;;;;FALSE;TRUE;ΑΙΤΗΣΕΙΣ;
87;Μητρώο Καταστημάτων Πώλησης Γεωργικών φαρμάκων;Επιχειρήσεις;Εθνικό;Πολλές υπηρεσίες;FALSE;FALSE;;
88;Μητρώο κρεοπωλών Σχολής Επαγγελμάτων Κρέατος Αθηνών;Πολίτες+;Εθνικό;1 υπηρεσία;FALSE;FALSE;;
89;ΜΗΤΡΩΟ ΜΕΛΩΝ ΓΕΩΤ.Ε.Ε.;Άλλο;;;TRUE;FALSE;;
90;Μητρώο μεταφορέων ζώντων ζώων;Επιχειρήσεις;Εθνικό;1 υπηρεσία;FALSE;FALSE;;
91;Μητρώο μεταφορέων και οχημάτων Ζωικών Υποπροϊόντων;Επιχειρήσεις;Εθνικό;1 υπηρεσία;FALSE;FALSE;;
92;Μητρώο Οινοποιών;Επιχειρήσεις;Εθνικό;Πολλές υπηρεσίες;FALSE;FALSE;;
93;Μητρώο παραγωγών και διαχειριστών Ζωικών Υποπροϊόντων;Επιχειρήσεις;Εθνικό;Πολλές υπηρεσίες;FALSE;FALSE;;
94;Μητρώο Πιστοποιημένων Αξιολογητών;Πολίτες+;;;FALSE;FALSE;;
95;Μητρώο Πιστοποιημένων Χρηστών Γεωργικών Φαρμάκων;Πολίτες+;Εθνικό;1 υπηρεσία;FALSE;FALSE;;
96;Μητρώο Πτηνοτρόφων και Πτηνοτροφικών εκμεταλλεύσεων ωοπαραγωγών ορνίθων;Υποδομές;Εθνικό;Πολλές υπηρεσίες;FALSE;FALSE;;
97;Μητρώο Συνταγογράφων Γεωργικών Φαρμάκων;Πολίτες+;Εθνικό;Πολλές υπηρεσίες;FALSE;FALSE;;
98;Μητρώο Φυτοπροστατευτικών Προϊόντων;Προϊόντα/Υπηρεσίες;Τομεακό;Πολλές υπηρεσίες;FALSE;FALSE;;
99;Μητρώο Ψεκαστικών Μηχανημάτων (Μητρώο Εξοπλισμού Εφαρμογής Γεωργικών Φαρμάκων -ΕΕΓΦ);Υποδομές;Τομεακό;;FALSE;FALSE;;
100;Σύστημα Γεωγραφικών Πληροφοριών Ελαιοκομικού Τομέα και Αμπελουργικό Μητρώο (ΣΓΠ ΕΤ & ΑΜ);Υποδομές;Τομεακό;Πολλές υπηρεσίες;FALSE;TRUE;ΣΥΣΤΗΜΑ;
101;Φυτοϋγειονομικό Μητρώο;Άλλο;Τομεακό;;TRUE;FALSE;;
102;Back Office;Άλλο;Υπηρεσιακό;Εσωτερική;TRUE;TRUE;ΣΥΣΤΗΜΑ;
103;Αποφάσεις Κατοχύρωσης Σημάτων;Αποφάσεις;Εθνικό;Πολλές υπηρεσίες;TRUE;FALSE;;
104;Γενικό Εμπορικό Μητρώο (ΓΕΜΗ);Επιχειρήσεις;Εθνικό;Πολλές υπηρεσίες;FALSE;FALSE;;
105;ΕΘΝΙΚΟ ΜΗΤΡΩΟ ΤΙΤΛΩΝ;Άλλο;Εθνικό;Εσωτερική;TRUE;FALSE;;
106;Ειδικό Μητρώο για τις Διασυνοριακές εξ αποστάσεως πωλήσεις ηλεκτρονικών τσιγάρων και περιεκτών επαναπλήρωσης (άρθρο 16, ν. 4419 ΦΕΚ 174/Α/20.09.2016);Επιχειρήσεις;Εθνικό;Πολλές υπηρεσίες;TRUE;FALSE;;
107;Ειδικό Μητρώο Επαληθευτών/ελεγκτών INTERREG;Πολίτες+;Εθνικό;1 υπηρεσία;FALSE;FALSE;;
108;Ενιαίο Μητρώο Προσώπων (Φ/Ν) που ασκούν Τεχνικά Επαγγέλματα σύμφωνα με το ν. 3982/2011;Πολίτες+;Τομεακό;1 υπηρεσία;FALSE;FALSE;;
109;Ηλεκτρονικό Μητρώο Ρευματοδοτών – Ρευματοληπτών (ΗΜΡΡ)-ΦΕΚ 3656 / Β/ 17.10.2017;Πολίτες+;;;FALSE;TRUE;ΔΙΑΔΙΚΤΥΑΚΗ ΠΥΛΗ;
110;Κατάλογος Οντοτήτων που εκδίδουν Εξωτερικές Προειδοποιήσεις;Οργανισμοί/Φορείς;;;TRUE;TRUE;ΚΑΤΑΛΟΓΟΣ;
111;Κατάλογος Προμηθευτών - Παρόχων Υπηρεσιών της Ειδικής Υπηρεσίας Διαχείρισης του Ε.Π.;Επιχειρήσεις;Υπηρεσιακό;1 υπηρεσία;FALSE;FALSE;;
112;Καταλόγος προμηθευτών και παρεχόντων υπηρεσιών προς την Ειδική Υπηρεσία του Ε.Π. ΜΕΤΑΡΡΥΘΜΙΣΗ ΔΗΜΟΣΙΟΥ ΤΟΜΕΑ 2014-20;Επιχειρήσεις;Υπηρεσιακό;1 υπηρεσία;FALSE;TRUE;ΚΑΤΑΛΟΓΟΣ;
113;Μητρώο α.ν. 89/1967 όπως αντικατασταθηκε με τον ν. 3427/2005 (Κεφ. ΣΤ) και ισχύει.;Επιχειρήσεις;Εθνικό;Πολλές υπηρεσίες;TRUE;FALSE;;
114;Μητρώο Ανελκυστήρων;Υποδομές;Εθνικό;1 υπηρεσία;FALSE;FALSE;;
115;Μητρώο Αξιολογητών;Πολίτες+;Εθνικό;1 υπηρεσία;TRUE;FALSE;;
116;Μητρώο γνωστοποιήσεων εγκατάστασης και λειτουργίας οικονομικών δραστηριοτήτων, άρθρο 14, ν. 4442/2016;Οικονομική δραστηριότητα;Εθνικό;;TRUE;TRUE;ΠΛΗΡΟΦΟΡΙΑΚΟ ΣΥΣΤΗΜΑ;
117;Μητρώο Διαπιστευμένων Φορέων και Εργαστηρίων που αναγνωρίζονται;Οργανισμοί/Φορείς;Εθνικό;1 υπηρεσία;TRUE;FALSE;;
118;Μητρώο Διαπιστευμένων Φορέων και Εργαστηρίων του ΕΣΥΔ νπιδ (με βάση το ν.4468/2017).;Οργανισμοί/Φορείς;Εθνικό;;TRUE;FALSE;;
119;Μητρώο Διοικητικών Κυρώσεων;Αποφάσεις;Υπηρεσιακό;Εσωτερική;TRUE;TRUE;;
120;Μητρώο Ελεγκτών;Πολίτες+;Τομεακό;1 υπηρεσία;TRUE;FALSE;;
121;Μητρώο Εμπειρογνωμόνων;Πολίτες+;Τομεακό;Εσωτερική;TRUE;FALSE;;
122;Μητρώο Ενιαίων Τεχνικών Προδιαγραφών;Άλλο;Εθνικό;Εσωτερική;TRUE;FALSE;;
123;Μητρώο Ενώσεων Καταναλωτών του Ν. 2251/1994 (σχετ.Υ.Α. Ζ1-349/3.3.2009 – ΦΕΚ 524/Β);Αρχεία;Άλλο;Εσωτερική;TRUE;FALSE;;
124;Μητρώο Εξωτερικών Επιστημονικών Συνεργατών;Πολίτες+;Υπηρεσιακό;Εσωτερική;TRUE;TRUE;ΙΔΙΟ ΜΕ 122;
125;Μητρώο Εταιρειών Ενημέρωσης Οφειλετών για Ληξιπρόθεσμες Απαιτήσεις;Αρχεία;Άλλο;Εσωτερική;FALSE;FALSE;;
126;Μητρώο Μελών της Ενωσης Ελληνων Χημικών;Πολίτες+;Τομεακό;Εσωτερική;FALSE;FALSE;;
127;Μητρώο οργάνων και συστημάτων μέτρησης καυσίμων;;;;FALSE;FALSE;;
128;Μητρώο Πιστοποιημένων Αξιολογητών - Εμπειρογνωμόνων του ΕΛ.ΙΔ.Ε.Κ.;Πολίτες+;Εθνικό;1 υπηρεσία;FALSE;FALSE;;
129;Μητρώο Συνεντευκτών;Πολίτες+;Εθνικό;1 υπηρεσία;FALSE;FALSE;;
130;Μητρώο των Λογιστών - Φοροτεχνικών;Οικονομική δραστηριότητα;Εθνικό;Πολλές υπηρεσίες;FALSE;FALSE;;
131;Μητρώο των Μελών του Οικονομικού Επιμελητηρίου;Αποφάσεις;Εθνικό;Πολλές υπηρεσίες;FALSE;FALSE;;
132;Μητρώο των νομικών προσώπων παροχής λογιστικών και φοροτεχνικών υπηρεσιών;Οικονομική δραστηριότητα;Εθνικό;Πολλές υπηρεσίες;FALSE;FALSE;;
133;Μητρώο Φορέων Εναλλακτικής Επίλυσης Διαφορών (σχ. ΚΥΑ 70330οικ./201 5 - ΦΕΚ 1421/ Β );Άλλο;Άλλο;1 υπηρεσία;FALSE;FALSE;;
134;Μητρώο Φυσικών Προσώπων για παροχή εθελοντικής εργασίας;Άλλο;Υπηρεσιακό;Εσωτερική;FALSE;TRUE;;
135;ΥΠΗΡΕΣΙΑ ΜΙΑΣ ΣΤΑΣΗΣ (ΥΜΣ & E- ΥΜΣ);Άλλο;Εθνικό;Πολλές υπηρεσίες;FALSE;TRUE;ΒΑΣΗ ΔΕΔΟΜΕΝΩΝ;
136;Egritos;Άλλο;Υπηρεσιακό;Εσωτερική;FALSE;TRUE;ΒΑΣΗ ΔΕΔΟΜΕΝΩΝ;
137;Infodim;Υποδομές;Υπηρεσιακό;Εσωτερική;FALSE;TRUE;ΒΑΣΗ ΔΕΔΟΜΕΝΩΝ;
138;Portal army.gr;Άλλο;Άλλο;;FALSE;TRUE;ΔΙΑΔΥΚΤΙΑΚΗ ΠΥΛΗ ;
139;Portal Στρατευσίμων;Άλλο;Άλλο;;FALSE;TRUE;ΔΙΑΔΥΚΤΙΑΚΗ ΠΥΛΗ ;
140;Αυτοματοποιημένο Σύστημα Στρατολογίας Ενόπλων Δυνάμεων (ΑΣΥ- ΣΕΔ);Πολίτες+;Εθνικό;Πολλές υπηρεσίες;FALSE;FALSE;;
141;Αυτοματοποιημένο Σύστημα Στρατολογίας Ενόπλων Δυνάμεων (ΑΣΥ-ΣΕΔ);Άλλο;Άλλο;;FALSE;TRUE;ΙΔΙΟ ΜΕ 141;
142;Διαχείριση Δεδομένων Επισκευών Π.Πλοίων, Ν.Υπηρεσιών Προσωπικού;Υποδομές;Υπηρεσιακό;Εσωτερική;FALSE;FALSE;;
143;Εφαρμογή Unixfor S.A. ( ΠΟΝ );Οικονομική δραστηριότητα;Υπηρεσιακό;Εσωτερική;FALSE;TRUE;;
144;Εφαρμογή μισθοδοσίας προσωπικού ΠΝ;Πολίτες+;Υπηρεσιακό;Εσωτερική;FALSE;FALSE;;
145;Ηλεκτρονική αίτηση υποψηφίου ΑΣΕΙ-ΑΣΣΥ;Αιτήσεις;Τομεακό;1 υπηρεσία;FALSE;FALSE;;
146;Ιατρικές Ειδικότητες;Αντικείμενα;Τομεακό;1 υπηρεσία;FALSE;FALSE;;
147;Ιστοσελίδα (Portal) https://csirt.cd. mil.gr;Άλλο;Άλλο;;FALSE;TRUE;ΔΙΑΔΥΚΤΙΑΚΗ ΠΥΛΗ;
148;Μητρώο Ασφάλειας Προσωπικού;Προσωπικό;Υπηρεσιακό;Εσωτερική;FALSE;FALSE;;
149;Μητρώο Βιομηχανικής Ασφάλειας;Προσωπικό;Υπηρεσιακό;Εσωτερική;FALSE;FALSE;;ΠΕΡΙΓΡΑΦΗ ΙΔΙΑ ΜΕ 149
150;Μητρώο Εθνικής Ασφάλειας;Αιτήσεις;Τομεακό;1 υπηρεσία;FALSE;FALSE;;
151;Μητρώο Μετόχων (εν ενεργεία στελέχη ΠΝ, ΛΣ, ΜΠΥ ΜΤΝ και μερισματούχοι (απόστρατοι ΠΝ, ΛΣ και συνταξιούχοι ΜΠΥ ΜΤΝ);Προσωπικό;Υπηρεσιακό;Εσωτερική;FALSE;FALSE;;
152;Μητρώο Μετόχων και Μερισματούχων Μετοχικού Ταμείου Στρατού;Προσωπικό;Υπηρεσιακό;Εσωτερική;FALSE;FALSE;;
153;Μισθοδοσία – Ασφάλιση – Συνταξιοδότηση ( ΑΠΔ );Προσωπικό;Υπηρεσιακό;Εσωτερική;FALSE;TRUE;ΟΧΙ ΜΗΤΡΩΟ;
154;Μισθοδοσία – Ασφάλιση – Συνταξιοδότηση ( απολυόμενου πολιτικού προσωπικού );Προσωπικό;Υπηρεσιακό;Εσωτερική;FALSE;FALSE;;
155;Μισθοδοσία – Ασφάλιση – Συνταξιοδότηση ( πολιτικού προσωπικού );Προσωπικό;Υπηρεσιακό;Πολλές υπηρεσίες;FALSE;FALSE;;
156;Μισθοδοσία – Ασφάλιση – Συνταξιοδότηση ( στρατιωτικού προσωπικού );Προσωπικό;Υπηρεσιακό;Πολλές υπηρεσίες;FALSE;FALSE;;
157;Μισθοδοσία ( ανά μήνα );Προσωπικό;Υπηρεσιακό;Εσωτερική;FALSE;TRUE;ΟΧΙ ΜΗΤΡΩΟ;
158;Μισθοδοσία ( αναδρομικές αποδοχές );Προσωπικό;Υπηρεσιακό;Εσωτερική;FALSE;FALSE;;
159;Μισθοδοσία (ανά έτος);Προσωπικό;Υπηρεσιακό;Εσωτερική;FALSE;FALSE;;
160;Νοσήλεια ΔΔΜΝ;Προσωπικό;Υπηρεσιακό;Εσωτερική;FALSE;FALSE;;
161;Πληρωμές Δαπανών ( Υπουργείο Εθνικής Άμυνας );Οικονομική δραστηριότητα;Υπηρεσιακό;Εσωτερική;FALSE;FALSE;;
162;Προδιαγραφές Ενόπλων Δυνάμεων (ΠΕΔ).;;;;FALSE;FALSE;;ΧΡΕΙΑΖΕΤΑΙ ΔΙΕΥΚΡΙΝΙΣΗ
163;Προϋπολογισμός ( ΟΠΣΔΠ );Οικονομική δραστηριότητα;Υπηρεσιακό;Εσωτερική;FALSE;TRUE;ΠΛΗΡΟΦΟΡΙΑΚΟ ΣΥΣΤΗΜΑ;
164;Προϋπολογισμός ( Υπουργείο Εθνικής Άμυνας);Οικονομική δραστηριότητα;Υπηρεσιακό;Εσωτερική;FALSE;TRUE;ΟΧΙ ΜΗΤΡΩΟ;
165;Σ.Η.Σ. ( Σύστημα Ηλεκτρονικής Συνταγογράφησης );Άλλο;Άλλο;;FALSE;TRUE;ΟΧΙ ΜΗΤΡΩΟ;
166;Φόρος ( ΚΦΑΣ );Οικονομική δραστηριότητα;Υπηρεσιακό;Εσωτερική;FALSE;TRUE;ΟΧΙ ΜΗΤΡΩΟ;
167;Φόρος ( Φόρος Εισοδήματος );Οικονομική δραστηριότητα;Υπηρεσιακό;Εσωτερική;FALSE;TRUE;ΟΧΙ ΜΗΤΡΩΟ;
168;Αιτήσεις για έγκριση εργασίας κατά ημέρα Κυριακής ή Αργίας;Αιτήσεις;Υπηρεσιακό;Εσωτερική;FALSE;FALSE;;
169;Αιτήσεις για χορήγηση άδειας απασχόλησης ανηλίκων (έκδοση βιβλιαρίου εργασίας ανηλίκου);Άδειες;Εθνικό;Πολλές υπηρεσίες;FALSE;FALSE;;
170;Αναγγελίες αναθέσεων καθηκόντων Τεχνικού Ασφάλειας και Ιατρού Εργασίας;Οικονομική δραστηριότητα;Υπηρεσιακό;Εσωτερική;FALSE;TRUE;ΟΧΙ ΜΗΤΡΩΟ;
171;Αναγγελίες εκ των προτέρων γνωστοποίησης έναρξης οικοδομικών εργασιών;Οικονομική δραστηριότητα;Υπηρεσιακό;Εσωτερική;FALSE;TRUE;ΟΧΙ ΜΗΤΡΩΟ;
172;Αναγγελίες εργατικών ατυχημάτων και επαγγελματικών ασθενειών;Άδειες;Εθνικό;Πολλές υπηρεσίες;FALSE;FALSE;;
173;Γενικό Μητρώο Φορέων Κοινωνικής και Αλληλέγγυας Οικονομίας (Κ.ΑΛ.Ο);Αντικείμενα;Εθνικό;Πολλές υπηρεσίες;FALSE;FALSE;;
174;Εθνικό Μητρώο Ανηλίκων;Πολίτες+;Εθνικό;Πολλές υπηρεσίες;FALSE;FALSE;;ΧΡΕΙΑΖΕΤΑΙ ΔΙΕΥΚΡΙΝΙΣΗ
175;Εθνικό Μητρώο Εγκεκριμένων αναδοχών;Αποφάσεις;Εθνικό;Πολλές υπηρεσίες;FALSE;FALSE;;
176;Εθνικό Μητρώο Υιοθεσιών;Αποφάσεις;Εθνικό;Πολλές υπηρεσίες;FALSE;FALSE;;
177;Εθνικό Μητρώο Υποψήφιων Ανάδοχων Γονέων;Αιτήσεις;Εθνικό;1 υπηρεσία;FALSE;FALSE;;
178;Εθνικό Μητρώο Υποψήφιων Θετών Γονέων;Αποφάσεις;Εθνικό;Πολλές υπηρεσίες;FALSE;FALSE;;
179;Εθνικό Μητρώο Φορτοεκφορτωτών (Ε.Μ.Φ);Οικονομική δραστηριότητα;Εθνικό;Πολλές υπηρεσίες;FALSE;FALSE;;
180;ΕΙΔΙΚΟ ΜΗΤΡΩΟ ΥΠΟΨΗΦΙΩΝ ΑΝΑΔΟΧΩΝ ΟΙΚΟΓΕΝΕΙΩΝ;Άδειες;Τομεακό;1 υπηρεσία;FALSE;FALSE;;
181;ΕΙΔΙΚΟ ΜΗΤΡΩΟ ΥΠΟΨΗΦΙΩΝ ΘΕΤΩΝ ΟΙΚΟΓΕΝΕΙΩΝ;Αιτήσεις;Τομεακό;1 υπηρεσία;FALSE;FALSE;;
182;Εισηγητές ΛΑΕΚ;Άδειες;Τομεακό;1 υπηρεσία;FALSE;FALSE;;
183;Έντυπα Π/Σ Εργάνη, αρμοδιότητας ΣΕΠΕ - Επιθεώρησης Εργασιακών Σχέσεων;Άλλο;Άλλο;;FALSE;TRUE;ΟΧΙ ΜΗΤΡΩΟ;
184;Επιχειρήσεις;Οικονομική δραστηριότητα;Άλλο;;FALSE;FALSE;;
185;ΕΣΗΔΗΣ;Άλλο;Εθνικό;Πολλές υπηρεσίες;FALSE;FALSE;;
186;Ηλεκτρονικό Μητρώο Οφειλετών;Πολίτες+;Άλλο;;FALSE;FALSE;;ΧΡΕΙΑΖΕΤΑΙ ΔΙΕΥΚΡΙΝΙΣΗ
187;Μητρώα επιδομάτων - ΕΠΙΔΟΜΑ ΓΕΝΝΗΣΗΣ;Πολίτες+;Εθνικό;Πολλές υπηρεσίες;FALSE;FALSE;;
188;Μητρώα επιδομάτων - ΕΠΙΔΟΜΑ ΠΑΙΔΙΟΥ;Πολίτες+;Εθνικό;Πολλές υπηρεσίες;FALSE;FALSE;;
189;Μητρώα επιδομάτων - ΕΤΗΣΙΑ ΕΙΣΟΔΗΜΑΤΙΚΗ ΕΝΙΣΧΥΣΗ ΚΑΤΟΙΚΩΝ ΟΡΕΙΝΩΝ ΠΕΡΙΟΧΩΝ;Πολίτες+;Εθνικό;Πολλές υπηρεσίες;FALSE;FALSE;;
190;Μητρώα επιδομάτων - ΣΥΜΠΛΗΡΩΜΑΤΙΚΟ ΠΡΟΓΡΑΜΜΑ ΠΡΟΣΒΑΣΗΣ ΣΕ ΒΡΕΦΟΝΗΠΙΑΚΟΥΣ ΣΤΑΘΜΟΥ;Πολίτες+;Εθνικό;Πολλές υπηρεσίες;FALSE;FALSE;;
191;ΜΗΤΡΩΟ OPEN DATA.GOV.GR;Υποδομές;Εθνικό;Πολλές υπηρεσίες;FALSE;FALSE;;
192;Μητρώο Ανασφαλίστων Υπερηλίκων;Πολίτες+;Εθνικό;Πολλές υπηρεσίες;FALSE;FALSE;;
193;ΜΗΤΡΩΟ ΑΝΗΛΙΚΩΝ (ΑΝΑ ΔΟΜΗ);Πολίτες+;Τομεακό;1 υπηρεσία;FALSE;FALSE;;
194;ΜΗΤΡΩΟ ΑΠΟΓΡΑΦΗΣ ΥΠΑΛΛΗΛΩΝ;Προσωπικό;Υπηρεσιακό;Εσωτερική;FALSE;FALSE;;
195;Μητρώο Ασυνόδευτων Ανηλίκων;Πολίτες+;Εθνικό;1 υπηρεσία;FALSE;FALSE;;
196;Μητρώο Ασφαλισμένων;Πολίτες+;Εθνικό;Πολλές υπηρεσίες;FALSE;FALSE;;
197;ΜΗΤΡΩΟ ΔΗΜΟΣΙΩΝ ΙΣTΟΤΟΠΩΝ ΚΑΙ ΕΦΑΡΜΟΓΩΝ ΜΗ.Δ.ΙΣ.ΕΦ.;Άλλο;Άλλο;;FALSE;FALSE;;
198;Μητρώο Δικαιούχων Αγροτικής Εστίας και συνεργαζόμενων επιχειρήσεων;Πολίτες+;Εθνικό;Πολλές υπηρεσίες;FALSE;FALSE;;
199;Μητρώο δικαιούχων Επιδ. Ορεινών – Μειονεκτικών περιοχών (έτους 2018);Πολίτες+;Εθνικό;Πολλές υπηρεσίες;FALSE;FALSE;;
200;Μητρώο Δικαιούχων Οικογενειακών επιδομάτων;Πολίτες+;Εθνικό;Πολλές υπηρεσίες;FALSE;FALSE;;
201;Μητρώο Εγγεγραμμένων Ανέργων ΟΑΕΔ;Πολίτες+;Εθνικό;Πολλές υπηρεσίες;FALSE;FALSE;;
202;Μητρώο Ενδίκων Μέσων;Άλλο;Άλλο;;FALSE;FALSE;;ΧΡΕΙΑΖΕΤΑΙ ΔΙΕΥΚΡΙΝΙΣΗ
203;Μητρώο Επιχειρήσεων Προσωρινής Απασχόλησης (ΕΠΑ);Οικονομική δραστηριότητα;Εθνικό;;FALSE;FALSE;;ΧΡΕΙΑΖΕΤΑΙ ΔΙΕΥΚΡΙΝΙΣΗ
204;Μητρώο Εργοδοτών/ Κοινών Επιχειρήσεων;Οικονομική δραστηριότητα;Εθνικό;;FALSE;FALSE;;ΧΡΕΙΑΖΕΤΑΙ ΔΙΕΥΚΡΙΝΙΣΗ
205;ΜΗΤΡΩΟ ΕΣΥΠ - ΤΗΛΕΔ;Πληροφόρηση;Υπηρεσιακό;Εσωτερική;FALSE;TRUE;ΤΗΛΕΦΩΝΙΚΟΣ ΚΑΤΑΛΟΓΟΣ;
206;Μητρώο Ιατρών Ειδικού Σώματος Υγειονομικών Επιτροπών Πιστοποίησης Αναπηρίας;Αντικείμενα;Τομεακό;1 υπηρεσία;FALSE;FALSE;;
207;Μητρώο Ιδιωτικών Γραφείων Ευρέσεως Εργασίας (ΙΓΕΕ);Οικονομική δραστηριότητα;Εθνικό;Πολλές υπηρεσίες;FALSE;FALSE;;ΧΡΕΙΑΖΕΤΑΙ ΔΙΕΥΚΡΙΝΙΣΗ
208;Μητρώο ΚΕΠΑ;Άλλο;Άλλο;;FALSE;FALSE;;
209;ΜΗΤΡΩΟ ΚΙΝΗΣΗΣ ΠΕΡΙΘΑΛΠΟΜΕΝΩΝ;Πρωτόκολλο;Υπηρεσιακό;Εσωτερική;FALSE;FALSE;;
210;Μητρώο Μερισματούχων;Οικονομική δραστηριότητα;Άλλο;;FALSE;FALSE;;ΧΡΕΙΑΖΕΤΑΙ ΔΙΕΥΚΡΙΝΙΣΗ
211;Μητρώο Μετόχων;Οικονομική δραστηριότητα;Άλλο;;FALSE;FALSE;;ΧΡΕΙΑΖΕΤΑΙ ΔΙΕΥΚΡΙΝΙΣΗ
212;Μητρώο Οικοδομοτεχνικών Εργων;Υποδομές;Άλλο;;FALSE;FALSE;;ΧΡΕΙΑΖΕΤΑΙ ΔΙΕΥΚΡΙΝΙΣΗ
213;Μητρώο Παρακολούθησης Οφειλών Δικαιούχων τ.ΟΕΚ;Άλλο;Άλλο;;FALSE;FALSE;;ΧΡΕΙΑΖΕΤΑΙ ΔΙΕΥΚΡΙΝΙΣΗ
214;ΜΗΤΡΩΟ ΣΥΜΒΑΣΕΩΝ;Οικονομική δραστηριότητα;Υπηρεσιακό;Εσωτερική;FALSE;FALSE;;
215;Μητρώο Συνταξιούχων;Προσωπικό;Υπηρεσιακό;Εσωτερική;FALSE;FALSE;;
216;ΜΗΤΡΩΟ ΣΥΣΤΗΜΑΤΟΣ ΕΡΓΑΝΗΣ;Προσωπικό;Εθνικό;Πολλές υπηρεσίες;FALSE;FALSE;;
217;Ολοκληρωμένο Πληροφοριακό Σύστημα ΟΠΣ - ΣΕΠΕ;Άλλο;Άλλο;;FALSE;TRUE;ΠΛΗΡΟΦΟΡΙΑΚΟ ΣΥΣΤΗΜΑ;
218;ΣΥΣΤΗΜΑ ΔΙΑΥΓΕΙΑ;Αποφάσεις;Άλλο;;FALSE;TRUE;ΟΧΙ ΜΗΤΡΩΟ;
219;Σχέδια εκτέλεσης εργασιών αφαίρεσης αμιάντου;Άλλο;Άλλο;;FALSE;TRUE;ΟΧΙ ΜΗΤΡΩΟ;
220;Υποβολές καταγγελιών;Αιτήσεις;Άλλο;;FALSE;TRUE;ΟΧΙ ΜΗΤΡΩΟ;
221;ΦΕΕ;Άλλο;Άλλο;;FALSE;FALSE;;ΧΡΕΙΑΖΕΤΑΙ ΔΙΕΥΚΡΙΝΙΣΗ
222;Βάση Ακίνητης Περιούσιας των ΟΤΑ α' & β' βαθμού και των ΝΠ τους;Υποδομές;Εθνικό;Πολλές υπηρεσίες;FALSE;FALSE;;
223;Διαδικτυακή Βάση Δεδομένων;Άλλο;Εθνικό;Πολλές υπηρεσίες;FALSE;FALSE;;
224;Εκλογικοί Κατάλογοι;Πολίτες+;Εθνικό;Πολλές υπηρεσίες;FALSE;FALSE;;
225;Κόμβος Διαλειτουργικότητας;Άλλο;;;FALSE;TRUE;ΟΧΙ ΜΗΤΡΩΟ;
226;Μητρώο Ανθρώπινου Δυναμικού Ελληνικού Δημοσίου;Προσωπικό;Εθνικό;Πολλές υπηρεσίες;FALSE;FALSE;;
227;ΜΗΤΡΩΟ ΔΙΑΤΗΡΗΤΕΩΝ ΚΤΙΡΙΩΝ ΣΕ ΜΑΚΕΔΟΝΙΑ ΚΑΙ ΘΡΑΚΗ;Υποδομές;Εθνικό;Πολλές υπηρεσίες;FALSE;FALSE;;
228;ΜΗΤΡΩΟ ΠΟΛΙΤΩΝ;Πολίτες+;Εθνικό;Πολλές υπηρεσίες;FALSE;FALSE;;
229;Μητρώο Υπηρεσιών και Φορέων της Ελληνικής Διοίκησης;Οργανισμοί/Φορείς;Εθνικό;Πολλές υπηρεσίες;FALSE;FALSE;;
230;Ολοκληρωμένο Πληροφοριακό Σύστημα Ιθαγένειας;Άλλο;;;FALSE;TRUE;ΠΛΗΡΟΦΟΡΙΑΚΟ ΣΥΣΤΗΜΑ;
231;Πληροφοριακό Σύστημα Παρακολούθησης Πορείας Ελέγχου Νομιμότητας Π/Υ και ΟΠΔ Τ.Α.;Άλλο;;;FALSE;TRUE;ΠΛΗΡΟΦΟΡΙΑΚΟ ΣΥΣΤΗΜΑ;
232;Εφαρμογή ΠΡΩΤΗ ΥΠΟΔΟΧΗ;Πολίτες+;Εθνικό;Πολλές υπηρεσίες;FALSE;FALSE;;ΧΡΕΙΑΖΕΤΑΙ ΔΙΕΥΚΡΙΝΙΣΗ
233;Μητρώο αιτούντων διεθνούς προστασίας;Πολίτες+;Εθνικό;1 υπηρεσία;FALSE;FALSE;;
234;Μητρώο Ελληνικών και Ξένων Μη Κυβερνητικών Οργανώσεων (ΜΚΟ) και Μητρώο Μελών Μη Κυβερνητικών Οργανώσεων (ΜΚΟ);Οργανισμοί/Φορείς;Εθνικό;1 υπηρεσία;FALSE;FALSE;;
235;Μητρώο Κέντρων Φιλοξενίας Ασυνόδευτων Ανηλίκων;Υποδομές;Εθνικό;1 υπηρεσία;FALSE;FALSE;;
236;Μητρώο με ευαίσθητα δεδομένα σύμφωνα με το άρθρο 7, παράγραφο 2 εδάφιο ε του Ν.2472/1997;Πολίτες+;Εθνικό;1 υπηρεσία;FALSE;FALSE;;
237;Μητρώο Πολιτών Τρίτων Χωρών;Πολίτες+;Εθνικό;1 υπηρεσία;FALSE;FALSE;;
238;Μητρώο Προσφυγών;Πολίτες+;Εθνικό;1 υπηρεσία;FALSE;FALSE;;
239;ΒΑΣΗ ΠΛΟΙΩΝ-ΝΑΥΤΙΚΩΝ;Προσωπικό;Εθνικό;Εσωτερική;FALSE;FALSE;;
240;ΕΡΜΗΣ;;; ;TRUE;TRUE;ΔΙΠΛΟΕΓΓΑΦΗ 241 & 244;
241;Ευρετήριο σηματολογημένων ελληνικών πλοίων;Οχήματα;Εθνικό;Πολλές υπηρεσίες;FALSE;FALSE;;
242;Εφαρμογή PortIS;;;;TRUE;TRUE;;
243;Ηλεκτρονική Εφαρμογή καταχώρησης Επιθεωρήσεων-Παρατηρήσεων;Οχήματα;Εθνικό;Εσωτερική;FALSE;FALSE;ΔΙΠΛΟΕΓΓΑΦΗ 241 & 244;
244;Ηλεκτρονικό μητρώο αδειών χειριστών ταχυπλόων σκαφών;Οχήματα;Εθνικό;Εσωτερική;FALSE;FALSE;ΔΙΠΛΟΕΓΓΑΦΗ 245 & 248;
245;Ηλεκτρονικό Μητρώο Προστίμων Αιγιαλού-Παραλίας;Αποφάσεις;Υπηρεσιακό;;FALSE;FALSE;ΚΕΝΟ;
246;Ηλεκτρονικό Μητρώο στοιχείων κατόχων προσωπικών ραδιοφάρων ένδειξης θέσης κινδύνου (PLBs);Πληροφόρηση;Εθνικό;Εσωτερική;FALSE;FALSE;;
247;Ηλεκτρονικό Μητρώο τουριστικών πλοίων και μικρών σκαφών e-ΜΗΤΡΩΟ ΠΛΟΙΩΝ;Οχήματα;Εθνικό;;TRUE;TRUE;ΔΙΠΛΟΕΓΓΑΦΗ 245 & 248;
248;Μητρώα Παχυμετρητών;Οχήματα;Εθνικό;Πολλές υπηρεσίες;FALSE;FALSE;;ΟΧΙ ΨΗΦΙΑΚΑ
249;Μητρώο αδειών σε εταιρείες που διενεργούν επιθεωρήσεις σε πνευστές σωσίβιες σχεδίες (ΠΣΣ) και ναυτικού τύπου συστήματα εγκατάλειψης (M.E.S.);Οχήματα;Εθνικό;Πολλές υπηρεσίες;FALSE;FALSE;;ΟΧΙ ΨΗΦΙΑΚΑ
250;Μητρώο αναγνωρισμένων εταιρειών παροχής τεχνικής υποστήριξης ξηράς στα εμπορικά πλοία;Οχήματα;Εθνικό;Πολλές υπηρεσίες;FALSE;FALSE;;ΟΧΙ ΨΗΦΙΑΚΑ
251;Μητρώο Αναγνωρισμένων Οργανισμών Ασφαλείας (Α.Ο.Α);Οργανισμοί/Φορείς;Εθνικό;;FALSE;TRUE;ΚΕΝΟ;
252;Μητρώο ανέργων επιδοτουμένων ναυτικών;Πολίτες+;Εθνικό;;FALSE;TRUE;ΚΕΝΟ;
253;Μητρώο ανέργων ναυτικών;Πολίτες+;Εθνικό;;FALSE;TRUE;ΚΕΝ0;
254;Μητρώο ανέργων προσφερομένων για εργασία ναυτικών;Πολίτες+;Εθνικό;;FALSE;TRUE;ΚΕΝΟ;
255;Μητρώο απογραφής γενικού υλικού;Αντικείμενα;Τομεακό;;FALSE;TRUE;ΚΕΝΟ;
256;Μητρώο Αποσπασμένων μόνιμων και ΙΔΑΧ υπαλλήλων από άλλους φορεις του Δημοσίου;Προσωπικό;Υπηρεσιακό;Εσωτερική;FALSE;TRUE;;
257;Μητρώο Αρμόδιων ΗΣΚΘΕΕΑ ή/και Καταγραφής/Καταμέτρησης επιβαινόντων πλοίων;Οικονομική δραστηριότητα;Εθνικό;Πολλές υπηρεσίες;FALSE;FALSE;ΤΡΙΠΛΟΕΓΓΡΑΦΗ 258 &276 &289;ΟΧΙ ΨΗΦΙΑΚΑ
258;Μητρώο Διακριτικών Σταθμού Πλοίου (MMSI) για τα εμπορικά πλοία με ελληνική σημαία;Άδειες;Εθνικό;Εσωτερική;FALSE;FALSE;;
259;Μητρώο δυτών;Προσωπικό;Εθνικό;Πολλές υπηρεσίες;FALSE;FALSE;;
260;Μητρώο Ειδικών Αδειών Προσωπικού Λ.Σ-ΕΛ.ΑΚΤ;Άδειες;Εθνικό;;FALSE;TRUE;ΚΕΝΟ;
261;Μητρώο Εκκαθάρισης Αρχείων Αρχηγείου ΛΣ-ΕΛΑΚΤ;;;;FALSE;TRUE;ΚΕΝΟ;
262;Μητρώο εκμισθωτών μηχανοκίνητων λέμβων και ταχύπλοων σκαφών;Οχήματα;Εθνικό;1 υπηρεσία;FALSE;FALSE;;
263;Μητρώο εκπαιδευτών υποψήφιων χειριστών ταχυπλόων σκαφών;Άδειες;Εθνικό;1 υπηρεσία;FALSE;FALSE;;
264;Μητρώο εξουσιοδοτήσεων σε παρόχους για τη διενέργεια επιθεώρησης σωσίβιων λέμβων και λέμβων διάσωσης;Επιχειρήσεις;Εθνικό;Εσωτερική;FALSE;FALSE;;ΟΧΙ ΨΗΦΙΑΚΑ
265;Μητρώο Επιθεωρητών Κ.Ε.Π.;;;;FALSE;TRUE;ΚΕΝΟ;
266;Μητρώο εταιρειών που διενεργούν παχυμετρήσεις των ελασμάτων και λοιπών κατασκευαστικών στοιχείων πλοίων;;;;FALSE;FALSE;;
267;Μητρώο Εφαρμογής διαχείρισης μηχανογραφικού εξοπλισμού;Πληροφόρηση;Υπηρεσιακό;Εσωτερική;FALSE;TRUE;ΕΣΩΤΕΡΙΚΟ ΓΙΑ ΥΠΑΛΛΗΛΟΥΣ;
268;Μητρώο Εφαρμογής Διαχείρισης Τηλ/κού Εξοπλισμού;Πληροφόρηση;Υπηρεσιακό;Εσωτερική;FALSE;TRUE;ΕΣΩΤΕΡΙΚΟ ΓΙΑ ΥΠΑΛΛΗΛΟΥΣ;
269;Μητρώο καταδυτικών συνεργείων;Άδειες;Εθνικό;Πολλές υπηρεσίες;FALSE;FALSE;;μέσω ΚΕΠ
270;Μητρώο Κατασκευαστών Σκαφών Αναψυχής;Επιχειρήσεις;Εθνικό;Πολλές υπηρεσίες;FALSE;FALSE;;
271;Μητρώο κατόχων Αποδεικτικών Ναυτικής Ικανότητας (Α.Ν.Ι.);;;;FALSE;TRUE;KENO;
272;Μητρώο λαντζών ναυπηγοεπισκευαστικών επιχειρήσεων;Προϊόντα/Υπηρεσίες;Τομεακό;Πολλές υπηρεσίες;FALSE;FALSE;;
273;Μητρώο λεμβούχων;Άδειες;Τομεακό;;FALSE;TRUE;ΔΙΠΛΟΕΓΓΡΑΦΗ 273 & 274;ΔΙΑΔΙΚΑΣΙΑ 762225
274;Μητρώο Λιμενικών Αρχών;Οργανισμοί/Φορείς;Εθνικό;;TRUE;TRUE;;
275;Μητρώο λιμένων ΗΣΚΘΕΕΑ;Υποδομές;Εθνικό;;FALSE;TRUE;ΤΡΙΠΛΟΕΓΓΡΑΦΗ 258 &276 &289;
276;Μητρώο μαθητευομένων δυτών;Προσωπικό;Εθνικό;Πολλές υπηρεσίες;FALSE;FALSE;;
277;Μητρώο Μόνιμου και ΙΔΑΧ Προσωπικού ΥΝΑΝΠ;Προσωπικό;Εθνικό;;TRUE;TRUE;;
278;Μητρώο Ν.Ε.Π.Α. (Ναυτιλιακές Εταιρίες Πλοίων Αναψυχής);Επιχειρήσεις;Εθνικό;Πολλές υπηρεσίες;FALSE;FALSE;;
279;Μητρώο Ναυτικού Προσωπικού ΥΝΑΝΠ;Προσωπικό;Εθνικό;;FALSE;TRUE;;
280;Μητρώο Ναυτικών Εταιρειών (ν.959/1979)- Φυσική τήρηση;Επιχειρήσεις;Άλλο;Πολλές υπηρεσίες;FALSE;FALSE;;
281;Μητρώο ναυτικών πρακτόρων;;Τομεακό;;FALSE;TRUE;ΚΕΝΟ;
282;Μητρώο ναυτολογήσεων ναυτικών;Άδειες;Εθνικό;;FALSE;TRUE;ΔΕΝ ΥΠΑΡΧΕΙ;
283;ΜΗΤΡΩΟ ΠΑΡΑΒΑΣΕΩΝ/ΥΠΟΤΡΟΠΩΝ ΑΛΙΕΙΑΣ;Αποφάσεις;Υπηρεσιακό;;FALSE;TRUE;ΚΕΝΟ;
284;Μητρώο Παραδοσιακών Σκαφών;Αντικείμενα;Εθνικό;;FALSE;TRUE;ΚΕΝΟ;
285;Μητρώο Παροχέων Υπηρεσιών Αναψυχής Καταδυτικών;Άδειες;Τομεακό;Πολλές υπηρεσίες;FALSE;FALSE;;
286;Μητρώο παροχών λιμενικών υπηρεσιών Οργανισμού Λιμένα Βόλου Α.Ε. (Ο.Λ.ΒΑ.Ε.);;;;FALSE;FALSE;;
287;Μητρώο Πλοιοκτητών θαλάσσιων ταξί;Επιχειρήσεις;Εθνικό;Πολλές υπηρεσίες;FALSE;FALSE;;
288;Μητρώο Πλοίων ΗΣΚΘΕΕΑ ή/και Καταγραφής - Καταμέτρησης;;;;FALSE;TRUE;ΤΡΙΠΛΟΕΓΓΡΑΦΗ 258 &276 & 289;
289;Μητρώο Προσωπικού Λ.Σ.-ΕΛ.ΑΚΤ.;Προσωπικό;Υπηρεσιακό;Εσωτερική;TRUE;TRUE;ΕΣΩΤΕΡΙΚΟ - ΠΡΟΣΩΠΙΚΟ;
290;Μητρώο προσωπικού λαντζών (Κυβερνητών - βοηθών κ.λπ.);Προσωπικό;Εθνικό;;FALSE;TRUE;ΚΕΝΟ;
291;Μητρώο Στελέχωσης Ιδιαίτερων Γραφείων κ. ΥΝΑΝΠ & κ. ΓΓΛΛΠΝΕ;Προσωπικό;Εθνικό;;FALSE;TRUE;ΚΕΝΟ;
292;Μητρώο συμβεβλημένων με Γ.Ε.Ν.Ε. ιατρών;Προσωπικό;Εθνικό;;FALSE;TRUE;ΚΕΝΟ;
293;Μητρώο σχολών εκπαίδευσης υποψήφιων χειριστών ταχυπλόων σκαφών;Επιχειρήσεις;Εθνικό;;FALSE;TRUE;ΚΕΝΟ;
294;Μητρώο υπαλλήλων ΓΕΝΕ;Προσωπικό;Τομεακό;;FALSE;TRUE;ΚΕΝΟ;
295;Πίνακας Θαλασσίων Διαδρομών για πλοία κατηγορίας Α, Β, Γ, Δ σύμφωνα με τα κριτήρια της Κ.Ο. 2009/45, ως ισχύει;Αποφάσεις;Εθνικό;Πολλές υπηρεσίες;FALSE;FALSE;;
296;Πίνακας Προστατευμένων και Ειδικά Προστατευμένων περιοχών;Άδειες;Υπηρεσιακό;Εσωτερική;FALSE;TRUE;ΑΦΟΡΑ ΤΙΣ ΕΣΩΤΕΡΙΚΕΣ ΥΠΗΡΕΣΙΕΣ;ΟΧΙ ΨΗΦΙΑΚΑ
297;Πιστοποιήσεις;;;;FALSE;TRUE;ΚΕΝΟ;
298;Σχέδια συνεργασίας μεταξύ Ε/Γ πλοίων, των εταιρειών τους και των υπηρεσιών έρευνας - διάσωσης - SAR Plans for Cooperation;;;;FALSE;TRUE;ΚΕΝΟ;
299;Ανακοινώσεις;Πληροφόρηση;Άλλο;;FALSE;TRUE;ΚΕΝΟ;
300;Αναστολές και άρσης αναστολών μετοχών;Αποφάσεις;Εθνικό;;FALSE;TRUE;ΚΕΝΟ ;
301;Δελτία Τύπου (Υπουργείο Οικονομικών);Πληροφόρηση;Εθνικό;;FALSE;TRUE;ΚΕΝΟ;
302;Διαγραφές μετοχών;Αποφάσεις;Τομεακό;;FALSE;TRUE;ΚΕΝΟ;
303;ΕΚΠΑΙΔΕΥΤΙΚΑ ΑΘΛΗΤΙΚΑ ΠΡΟΓΡΑΜΜΑΤΑ;;;;FALSE;TRUE;ΚΕΝΟ;
304;Ενημερωτικά Δελτία και Δημόσιες Προτάσεις;Πληροφόρηση;Τομεακό;;FALSE;TRUE;ΚΕΝΟ;
305;Κοινοτικά διαβατήρια ΑΕΠΕΥ;Αποφάσεις;Εθνικό;;FALSE;TRUE;ΚΕΝΟ;
306;Μητρώο Ακίνητης Περιουσίας;Υποδομές;Τομεακό;;FALSE;TRUE;ΚΕΝΟ;
307;Μητρώο Αναλογιστών Ασφαλιστικών Επιχειρήσεων;Άδειες;Εθνικό;Εσωτερική;FALSE;FALSE;;ΟΧΙ ΨΗΦΙΑΚΑ
308;Μητρώο Αστικών Συνεταιρισμών;Αρχεία;Εθνικό;Εσωτερική;FALSE;FALSE;;
309;Μητρώο Εσωτερικών Ελεγκτών;Προσωπικό;Εθνικό;;FALSE;TRUE;ΚΕΝΟ;
310;Μητρώο Κοινωφελών Περιουσιών;Οικονομική δραστηριότητα;Εθνικό;;FALSE;TRUE;ΚΕΝΟ;
311;Μητρώο Ορκωτών Ελεγκτών και Ελεγκτικών Εταιρειών;Οικονομική δραστηριότητα;Εθνικό;Πολλές υπηρεσίες;FALSE;FALSE;;
312;Μητρώο Πιστοποιημένων Εκτιμητών;Οικονομική δραστηριότητα;Εθνικό;Πολλές υπηρεσίες;FALSE;FALSE;;ΟΧΙ ΨΗΦΙΑΚΑ
313;Πίνακες Δεικτών Παρακολούθησης Επαγγελμάτων;Οικονομική δραστηριότητα;Εθνικό;Πολλές υπηρεσίες;FALSE;FALSE;;
314;Προειδοποιήσεις σε επενδυτικό κοινό;Πληροφόρηση;Εθνικό;;FALSE;TRUE;ΚΕΝΟ;
315;Φορείς Αγοράς;Οργανισμοί/Φορείς;Εθνικό;;FALSE;TRUE;ΚΕΝΟ;
316;Datacenter;;;;FALSE;TRUE;ΚΕΝΟ;
317;E-doatap;Πολίτες+;Εθνικό;Πολλές υπηρεσίες;FALSE;FALSE;;
318;Teachers;Προσωπικό;Εθνικό;;FALSE;TRUE;ΚΕΝΟ;
319;ΑΔΕΙΕΣ ΕΙΣΟΔΟΥ ΣΤΙΣ ΣΧΟΛΙΚΕΣ ΜΟΝΑΔΕΣ ΕΚΠΡΟΣΩΠΩΝ ΑΘΛΗΤΙΚΩΝ ΟΜΟΣΠΟΝΔΙΩΝ ΚΑΙ ΦΟΡΕΩΝ;Άδειες;Εθνικό;;FALSE;TRUE;ΚΕΝΟ;
320;ΑΝΑΘΕΣΗ ΚΑΘΗΚΟΝΤΩΝ ΕΚΠΑΙΔΕΥΤΙΚΩΝ ΠΕ11 ΦΥΣΙΚΗΣ ΑΓΩΓΗΣ ΩΣ ΟΜΟΣΠΟΝΔΙΑΚΩΝ ΠΡΟΠΟΝΗΤΩΝ Η ΤΕΧΝΙΚΩΝ ΣΥΜΒΟΥΛΩΝ;Αποφάσεις;Εθνικό;;FALSE;TRUE;ΚΕΝΟ;
321;Αξιολογικός πίνακας επιλογής στελεχών εκπαίδευσης;Αποφάσεις;Τομεακό;;FALSE;TRUE;ΚΕΝΟ;
322;Βιβλίο Πράξεων Σχολικής Μονάδας;Πρωτόκολλο;Υπηρεσιακό;Εσωτερική;FALSE;FALSE;;
323;Βιβλίο Τιμηθέντων από ιδρύσεως της Ακαδημίας Αθηνών;Άλλο;Άλλο;Εσωτερική;FALSE;TRUE;ΟΧΙ ΜΗΤΡΩΟ;
324;Δικτυακή Πύλη e-ΙΕΠ Ο.Π.Σ. Αιτήσεων, Βεβαιώσεων, Διαχείρισης Προσωπικού και Συνεργατών Ι.Ε.Π.;Αιτήσεις;Υπηρεσιακό;Εσωτερική;FALSE;TRUE;ΔΙΑΔΥΚΤΙΑΚΗ ΠΥΛΗ;
325;Ειδικός Κατάλογος αναγνωρισμένων Φορέων της αλλοδαπής και ισχυόντων τίτλων;Άλλο;Εθνικό;Πολλές υπηρεσίες;FALSE;FALSE;;καταλογος
326;Επετηρίδα Ιδιωτικών Εκπαιδευτικών ( ΕΠ.ΙΔ.ΕΚ. );Πληροφόρηση;Εθνικό;Πολλές υπηρεσίες;FALSE;FALSE;;
327;Επιμορφωμένοι Α’ Επιπέδου Τ.Π.Ε.;Προσωπικό;Υπηρεσιακό;Εσωτερική;FALSE;TRUE;ΒΑΣΗ ΔΕΔΟΜΕΝΩΝ;
328;Επιμορφωμένοι Β’ Επιπέδου Τ.Π.Ε;Προσωπικό;Υπηρεσιακό;Εσωτερική;FALSE;TRUE;ΒΑΣΗ ΔΕΔΟΜΕΝΩΝ;
329;Επιμορφωμένοι Β1 Επιπέδου Τ.Π.Ε.;Προσωπικό;Υπηρεσιακό;Εσωτερική;FALSE;TRUE;ΒΑΣΗ ΔΕΔΟΜΕΝΩΝ;
330;Επιμορφωμένοι Β2 Επιπέδου Τ.Π.Ε.;Προσωπικό;Υπηρεσιακό;Εσωτερική;FALSE;TRUE;ΒΑΣΗ ΔΕΔΟΜΕΝΩΝ;
331;Επιμορφωτές Β Επιπέδου Τ.Π.Ε.;Προσωπικό;Υπηρεσιακό;Εσωτερική;FALSE;TRUE;ΒΑΣΗ ΔΕΔΟΜΕΝΩΝ;
332;Κατάλογος αναγνωρισμένων ιδρυμάτων αλλοδαπής;Πληροφόρηση;Εθνικό;Πολλές υπηρεσίες;FALSE;TRUE;ΚΕΝΟ;
333;Κατάλογος Επιτηρητών;Αντικείμενα;Εθνικό;Πολλές υπηρεσίες;FALSE;TRUE;ΒΑΣΗ ΔΕΔΟΜΕΝΩΝ;
334;Κατάλογος του Πανελλήνιου Σχολικού Δικτύου (ΠΣΔ);Αποφάσεις;Εθνικό;Εσωτερική;FALSE;TRUE;ΒΑΣΗ ΔΕΔΟΜΕΝΩΝ;
335;Κέντρα Στήριξης Επιμόρφωσης - Κ.Σ.Ε.;Αποφάσεις;Τομεακό;Εσωτερική;FALSE;TRUE;ΒΑΣΗ ΔΕΔΟΜΕΝΩΝ;
336;Μητρώο Αδειοδοτημένων Φορέων Πιστοποίησης Προσόντων γνώσης πληροφορικής ή χειρισμού Η/Υ;Αποφάσεις;Εθνικό;Πολλές υπηρεσίες;FALSE;FALSE;;
337;ΜΗΤΡΩΟ ΑΝΑΓΝΩΡΙΣΜΕΝΩΝ ΕΞΕΤΑΣΤΩΝ ΜΗΧΑΝΟΔΗΓΩΝ;Αποφάσεις;Εθνικό;Πολλές υπηρεσίες;FALSE;FALSE;;
338;Μητρώο διακριθέντων μαθητών-αθλητών;Άλλο;Εθνικό;1 υπηρεσία;FALSE;TRUE;ΚΕΝΟ;
339;ΜΗΤΡΩΟ ΔΙΕΥΘΥΝΤΩΝ ΚΑΙ ΥΠΟΔΙΕΥΘΥΝΤΩΝ ΤΩΝ ΔΙΕΚ;Προσωπικό;Υπηρεσιακό;Εσωτερική;FALSE;TRUE;;
340;Μητρώο ΔΙΠΟΔΕ;Προσωπικό;Υπηρεσιακό;Εσωτερική;FALSE;TRUE;;
341;Μητρώο Ειδικών Ιστορικών Αρχείων;Αρχεία;Εθνικό;Πολλές υπηρεσίες;FALSE;FALSE;;
342;ΜΗΤΡΩΟ ΕΚΠΑΙΔΕΥΤΩΝ ΔΙΕΚ;Προσωπικό;Τομεακό;Εσωτερική;FALSE;FALSE;;
343;Μητρώο Θρησκευτικών Λειτουργών;Άλλο;Εθνικό;Εσωτερική;FALSE;TRUE;ΕΦΑΡΜΟΓΗ;
344;ΜΗΤΡΩΟ ΜΕΛΩΝ-ΧΡΗΣΤΩΝ ΔΑΝΕΙΣΤΙΚΩΝ ΤΜΗΜΑΤΩΝ;Αρχεία;Υπηρεσιακό;Εσωτερική;FALSE;FALSE;;
345;Μητρώο Μισθοδοτούμενων ΥΠΑΙΘ;Προσωπικό;Υπηρεσιακό;Εσωτερική;FALSE;TRUE;;
346;ΜΗΤΡΩΟ ΠΙΣΤΟΠΟΙΗΘΕΝΤΩΝ ΑΠΟΦΟΙΤΩΝ ΤΟΥ ΜΕΤΑΛΥΚΕΙΑΚΟΥ ΕΤΟΥΣ- ΤΑΞΗ ΜΑΘΗΤΕΙΑΣ ΤΩΝ ΕΠΑΓΓΕΛΜΑΤΙΚΩΝ ΛΥΚΕΙΩΝ (ΕΠΑ.Λ.);Αποφάσεις;Εθνικό;Πολλές υπηρεσίες;FALSE;FALSE;;
347;Μητρώο Πιστοποιηθέντων Προσώπων του Ε.Ο.Π.Π.Ε.Π.;Αποφάσεις;Εθνικό;Πολλές υπηρεσίες;FALSE;FALSE;;
348;"ΜΗΤΡΩΟ ΠΙΣΤΟΠΟΙΗΘΕΝΤΩΝ, ΚΑΤΟΧΩΝ ΒΕΒΑΙΩΣΗΣ ΕΠΑΡΚΕΙΑΣ, ΕΠΑΓΓΕΛΜΑΤΙΩΝ ΠΟΥ ΔΕ ΔΙΑΘΕΤΟΥΝ ΕΙΔΙΚΟΤΗΤΑ ""ΠΡΟΣΩΠΙΚΟ ΙΔΙΩΤΙΚΗΣ ΑΣΦΑΛΕΙΑΣ""";Αποφάσεις;Εθνικό;Πολλές υπηρεσίες;FALSE;FALSE;;
349;ΜΗΤΡΩΟ ΠΙΣΤΟΠΟΙΗΘΕΝΤΩΝ, ΚΑΤΟΧΩΝ ΒΕΒΑΙΩΣΗΣ ΕΠΑΡΚΕΙΑΣ,(Πιστοποιητικών);Αποφάσεις;Εθνικό;Πολλές υπηρεσίες;FALSE;FALSE;;
350;ΜΗΤΡΩΟ Πιστοποιηθένων, Κατόχων Βεβαιώσεων Επάρκειας;Άδειες;;;FALSE;TRUE;ΚΕΝΟ;
351;ΜΗΤΡΩΟ ΠΡΑΚΤΙΚΑ ΑΣΚΟΥΜΕΝΩΝ ΣΠΟΥΔΑΣΤΩΝ ΤΩΝ ΔΙΕΚ;Προσωπικό;Υπηρεσιακό;Εσωτερική;FALSE;TRUE;;
352;Μητρώο Υποψηφίων στις Εξετάσεις Πιστοποίησης της Ελληνομάθειας;Πολίτες+;Άλλο;1 υπηρεσία;FALSE;FALSE;;
353;Μητρώο Ωρομίσθιου Εκπαιδευτικού Προσωπικού,Συμβούλων Σταδιοδρομίας & Συμβούλων Ψυχολόγων για τα Σχολεία Δεύτερης Ευκαιρίας (ΣΔΕ);Προσωπικό;;;FALSE;TRUE;ΚΕΝΟ;
354;Πιστοποιημένοι Α’ Επιπέδου Τ.Π.Ε.;Προσωπικό;Υπηρεσιακό;Εσωτερική;FALSE;TRUE;;
355;Πιστοποιημένοι Β’ Επιπέδου Τ.Π.Ε.;Προσωπικό;Υπηρεσιακό;Εσωτερική;FALSE;TRUE;;
356;Πιστοποιημένοι Β1 Επιπέδου Τ.Π.Ε.;Προσωπικό;Υπηρεσιακό;Εσωτερική;FALSE;TRUE;;
357;Πιστοποιημένοι Β2 Επιπέδου Τ.Π.Ε;Προσωπικό;Υπηρεσιακό;Εσωτερική;FALSE;TRUE;;
358;Πληροφοριακό Σύστημα mySchool, Μητρώο Εκπαιδευτικών;Άλλο;Υπηρεσιακό;Εσωτερική;FALSE;TRUE;ΠΛΗΡΟΦΟΡΙΚΟ ΣΥΣΤΗΜΑ;
359;Πληροφοριακό Σύστημα mySchool, Μητρώο Μαθητών;Άλλο;Υπηρεσιακό;Εσωτερική;FALSE;TRUE;ΠΛΗΡΟΦΟΡΙΑΚΟ ΣΥΣΤΗΜΑ;
360;Πληροφοριακό Σύστημα mySchool, Μητρώο Σχολικών Μονάδων και Λοιπών Εκπαιδευτικών Δομών;Άλλο;Υπηρεσιακό;Εσωτερική;FALSE;TRUE;ΠΛΗΡΟΦΟΡΙΑΚΟ ΣΥΣΤΗΜΑ;
361;Πληροφοριακό Σύστημα ΟΠΣΥΔ, Μητρώο Εκπαιδευτικών;Άλλο;Υπηρεσιακό;Εσωτερική;FALSE;TRUE;ΠΛΗΡΟΦΟΡΙΑΚΟ ΣΥΣΤΗΜΑ;
362;Βάση Νομοθετικού;Νομοθεσία;;;FALSE;FALSE;;
363;Ειδικός διαδικτυακός τόπος aepo.ypeka.gr;Άλλο;Άλλο;Εσωτερική;FALSE;TRUE;ΟΧΙ ΜΗΤΡΩΟ;
364;Ηλεκτρονικό Μητρώο Αποβλήτων (ΗΜΑ);Προϊόντα/Υπηρεσίες;Εθνικό;;FALSE;TRUE;ΔΙΑΔΙΚΤΥΑΚΟΣ ΤΟΠΟΣ;
365;Ηλεκτρονικό Περιβαλλοντικό Μητρώο (ΗΠΜ);Άλλο;Εθνικό;;FALSE;FALSE;;ΧΡΕΙΑΖΕΤΑΙ ΔΙΕΥΚΡΙΝΗΣΗ
366;Μητρώο Αδειών Διάθεσης Βιοκαυσίμων;Άδειες;Εθνικό;1 υπηρεσία;FALSE;TRUE;ΔΙΑΔΙΚΤΥΑΚΟΣ ΤΟΠΟΣ;
367;Μητρώο Αδειών Διύλισης;Άδειες;Εθνικό;1 υπηρεσία;FALSE;TRUE;ΔΙΑΔΙΚΤΥΑΚΟΣ ΤΟΠΟΣ;
368;Μητρώο Αδειών Εμπορίας Πετρελαιοειδών Προϊόντων;Άδειες;Εθνικό;1 υπηρεσία;FALSE;TRUE;ΔΙΑΔΙΚΤΥΑΚΟΣ ΤΟΠΟΣ;
369;Μητρώο Αιτήσεων Αδειών Διάθεσης Βιοκαυσίμων;Αιτήσεις;Εθνικό;1 υπηρεσία;FALSE;TRUE;ΔΙΑΔΙΚΤΥΑΚΟΣ ΤΟΠΟΣ;
370;Μητρώο Αιτήσεων Αδειών Διύλισης;Αιτήσεις;Εθνικό;1 υπηρεσία;FALSE;FALSE;;
371;Μητρώο Αιτήσεων Αδειών Εμπορίας Πετρελαιοειδών Προϊόντων;Αιτήσεις;Εθνικό;1 υπηρεσία;FALSE;FALSE;;
372;Μητρώο Αποθηκών Τήρησης Αποθεμάτων Έκτακτης Ανάγκης;Υποδομές;Εθνικό;1 υπηρεσία;FALSE;FALSE;;
373;Μητρώο Ελεγκτών Δόμησης;Πολίτες+;Εθνικό;1 υπηρεσία;FALSE;FALSE;;ΧΡΕΙΑΖΕΤΑΙ ΔΙΕΥΚΡΙΝΗΣΗ
374;Μητρώο ενεργειακών ελεγκτών;Πολίτες+;Εθνικό;1 υπηρεσία;FALSE;FALSE;;ΧΡΕΙΑΖΕΤΑΙ ΔΙΕΥΚΡΙΝΗΣΗ
375;Μητρώο Ενεργειακών Επιθεωρητών;Πολίτες+;Εθνικό;1 υπηρεσία;FALSE;FALSE;;ΧΡΕΙΑΖΕΤΑΙ ΔΙΕΥΚΡΙΝΗΣΗ
376;Μητρώο Επιχειρήσεων Ενεργειακών Υπηρεσιών;Επιχειρήσεις;Εθνικό;Πολλές υπηρεσίες;FALSE;FALSE;;
377;Μητρώο οχημάτων με δικαίωμα ελεύθερης κυκλοφορίας στον δακτύλιο;Οχήματα;Εθνικό;1 υπηρεσία;FALSE;FALSE;;
378;Μητρώο Υπαλλήλων ΥΠΕΝ;Προσωπικό;Υπηρεσιακό;Εσωτερική;FALSE;TRUE;;
379;Πληρωμές προστίμων ημιυπαίθριων χώρων με βάση τo Ν.3843/2010;Οικονομική δραστηριότητα;Υπηρεσιακό;1 υπηρεσία;FALSE;TRUE;;
380;Αδειοδότηση ψηφιακών εφαρμογών;Άδειες;Άλλο;1 υπηρεσία;TRUE;FALSE;;
381;Αρχαιολογικό Κτηματολόγιο – Μητρώο Ακίνητων Μνημείων, Αρχαιολογικών Χώρων και Ακίνητης Περιουσίας ΥΠΠΟΑ;Υποδομές;Εθνικό;Πολλές υπηρεσίες;FALSE;FALSE;;
382;Ειδικό Μητρώο κατόχων ανιχνευτών μετάλλων και λοιπών οργάνων διασκόπησης του υπεδάφους, του βυθού ή του πυθμένα;Πολίτες+;Τομεακό;1 υπηρεσία;FALSE;FALSE;;
383;Ηλεκτρονικό Αρχείο Πιστοποιημένων Φορέων Τμήματος Αθλητικού Τουρισμού και Δραστηριοτήτων Αθλητικής Αναψυχής;Αρχεία;Τομεακό;1 υπηρεσία;FALSE;FALSE;;ΧΡΕΙΑΖΕΤΑΙ ΔΙΕΥΚΡΙΝΙΣΗ
384;Ιστορικό Αρχείο Αρχαιολογικής Υπηρεσίας (Φυσικό και Ψηφιακό);Αρχεία;Υπηρεσιακό;Εσωτερική;FALSE;FALSE;;
385;ΜΗΤΡΩΟ ΑΘΛΗΤΙΚΩΝ ΦΟΡΕΩΝ;Οργανισμοί/Φορείς;Εθνικό;Πολλές υπηρεσίες;FALSE;FALSE;;
386;Μητρώο Ανώτερων Σχολών Δραματικής Τέχνης (Α.Σ.Δ.Τ.);Οργανισμοί/Φορείς;Εθνικό;Πολλές υπηρεσίες;FALSE;FALSE;;ΧΡΕΙΑΖΕΤΑΙ ΔΙΕΥΚΡΙΝΙΣΗ
387;Μητρώο Ανώτερων Σχολών Κινηματογράφου (Α.Σ.Κ);Οργανισμοί/Φορείς;Εθνικό;Πολλές υπηρεσίες;FALSE;FALSE;;ΧΡΕΙΑΖΕΤΑΙ ΔΙΕΥΚΡΙΝΙΣΗ
388;Μητρώο Ανώτερων Σχολών Χορού (Α.Σ.Χ.);Οργανισμοί/Φορείς;Εθνικό;Πολλές υπηρεσίες;FALSE;FALSE;;ΧΡΕΙΑΖΕΤΑΙ ΔΙΕΥΚΡΙΝΙΣΗ
389;Μητρώο Απολυτήριων Τίτλων Μ.Ε.Ι.;Αποφάσεις;Εθνικό;1 υπηρεσία;FALSE;FALSE;;ΧΡΕΙΑΖΕΤΑΙ ΔΙΕΥΚΡΙΝΙΣΗ
390;ΜΗΤΡΩΟ ΔΙΑΚΡΙΘΕΝΤΩΝ ΑΘΛΗΤΩΝ;Πολίτες+;;;FALSE;FALSE;;
391;Μητρώο Εκπαιδευτικού Προσωπικού Ανώτερων Σχολών Δραματικής Τέχνης;Προσωπικό;Άλλο;1 υπηρεσία;FALSE;FALSE;;
392;Μητρώο Εκπαιδευτικού Προσωπικού Ανώτερων Σχολών Κινηματογράφου;Προσωπικό;Άλλο;1 υπηρεσία;FALSE;FALSE;;
393;Μητρώο Εκπαιδευτικού Προσωπικού Ανώτερων Σχολών Χορού;Προσωπικό;Άλλο;1 υπηρεσία;FALSE;FALSE;;
394;Μητρώο Εκπαιδευτικού Προσωπικού Μ. Ε. Ι.;Προσωπικό;Άλλο;1 υπηρεσία;FALSE;FALSE;;
395;Μητρώο ενεργών και κλειστών Μουσικών Εκπαιδευτικών Ιδρυμάτων (Μ.Ε.Ι.: Ιδιωτικά και Δημοτικά Ωδεία, Ιδιωτικές και Δημοτικές Μουσικές Σχολές);Οργανισμοί/Φορείς;Εθνικό;;FALSE;FALSE;;ΧΡΕΙΑΖΕΤΑΙ ΔΙΕΥΚΡΙΝΙΣΗ
396;Μητρώο Ιδιωτικών Γυμναστηρίων ή Ιδιωτικών Σχολών;Επιχειρήσεις;Εθνικό;Πολλές υπηρεσίες;FALSE;FALSE;;
397;Μητρώο κατόχων/κυρίων κινητών μνημείων;Πολίτες+;Εθνικό;1 υπηρεσία;FALSE;FALSE;;
398;Μητρώο Πολιτιστικής Κληρονομιάς και μουσικών οργάνων.;Αντικείμενα;Εθνικό;1 υπηρεσία;FALSE;FALSE;;
399;Μητρώο Πολιτιστικών Φορέων;Οργανισμοί/Φορείς;Εθνικό;;FALSE;FALSE;;ΧΡΕΙΑΖΕΤΑΙ ΔΙΕΥΚΡΙΝΙΣΗ
400;Μητρώο Σπουδαστών -στριών Μ. Ε. Ι.;Πολίτες+;Υπηρεσιακό;;FALSE;FALSE;;
401;Μητρώο σπουδαστών Κρατικού Ωδείου Θεσσαλονίκης.;Πολίτες+;Υπηρεσιακό;;FALSE;FALSE;;
402;Μητρώο Σπουδαστών-στριών Ανώτερων Σχολών Δραματικής Τέχνης;Πολίτες+;;;FALSE;FALSE;;
403;Μητρώο Σπουδαστών-στριών Ανώτερων Σχολών Κινηματογράφου;Πολίτες+;;;FALSE;FALSE;;
404;Μητρώο Σπουδαστών-στριών Ανώτερων Σχολών Χορού;Πολίτες+;;;FALSE;FALSE;;
405;Μητρώο Συλλεκτών Κινητών Μνημείων;Πολίτες+;;;FALSE;FALSE;;ΙΔΙΟ ΜΕ 398
406;Μητρώο Συντηρητών Αρχαιοτήτων και Έργων Τέχνης;Πολίτες+;Εθνικό;;FALSE;FALSE;;
407;Μητρώο Υπηρεσιών ΥΠΠΟΑ;Οργανισμοί/Φορείς;;;FALSE;TRUE;;ΧΡΕΙΑΖΕΤΑΙ ΔΙΕΥΚΡΙΝΙΣΗ
408;Χειρόγραφο μητρώο που περιλαμβάνει τους ατομικούς φακέλους των εργαζομένων;;;;FALSE;TRUE;;ΧΡΕΙΑΖΕΤΑΙ ΔΙΕΥΚΡΙΝΙΣΗ
409;Ψηφιακή εφαρμογή της απογραφής του Ελληνικού Δημοσίου. Μητρώο των προσωπικών και υπηρεσιακών στοιχείων των υπαλλήλων του οργανισμού.;Προσωπικό;;;TRUE;FALSE;;
410;Ψηφιακή χρήση εικόνων αρχαιολογικού περιεχομένου;Αιτήσεις;;;TRUE;FALSE;;
411;Γενικό Μητρώο Σώματος;Αρχεία;Εθνικό;Πολλές υπηρεσίες;FALSE;FALSE;;ΧΡΕΙΑΖΕΤΑΙ ΔΙΕΥΚΡΙΝΙΣΗ
412;Διαβατήρια Ελλήνων Πολιτών;Διαβατήρια/Ταυτότητες;Εθνικό;Πολλές υπηρεσίες;FALSE;FALSE;;
413;Εθνική Βάση Δεδομένων;;;;FALSE;TRUE;;ΧΡΕΙΑΖΕΤΑΙ ΔΙΕΥΚΡΙΝΙΣΗ
414;Εθνικός Κατάλογος Ανεπιθύμητων Αλλοδαπών;Πολίτες+;Εθνικό;Πολλές υπηρεσίες;FALSE;FALSE;;
415;Μητρώο Αδειών Μοτοποδηλάτων;Άδειες;Εθνικό;Πολλές υπηρεσίες;FALSE;FALSE;;
416;Μητρώο Εφέδρων;Πολίτες+;;;FALSE;FALSE;;
417;Μητρώο Ξεναγών;Πολίτες+;;;FALSE;FALSE;;
418;Μητρώο Παροχών;;;;FALSE;FALSE;;ΧΡΕΙΑΖΕΤΑΙ ΔΙΕΥΚΡΙΝΙΣΗ
419;Μητρώο Πολιτικών Υπαλλήλων;Προσωπικό;;;FALSE;FALSE;;ΧΡΕΙΑΖΕΤΑΙ ΔΙΕΥΚΡΙΝΙΣΗ
420;Μητρώο Συνδρομητών;Πολίτες+;;;FALSE;FALSE;;
421;Μητρώο Ταυτοτήτων του ένστολου προσωπικού;Διαβατήρια/Ταυτότητες;;;FALSE;FALSE;;
422;Ολοκληρωμένο Πληροφοριακό Σύστημα (ΟΠΣ) καταστημάτων κράτησης;Άλλο;Άλλο;;FALSE;TRUE;ΟΧΙ ΜΗΤΡΩΟ;
423;Σύστημα Πληροφοριών Σένγκεν;Άλλο;Άλλο;;FALSE;TRUE;ΟΧΙ ΜΗΤΡΩΟ;
424;Ταυτότητες Ελλήνων πολιτών;Διαβατήρια/Ταυτότητες;Εθνικό;Πολλές υπηρεσίες;FALSE;FALSE;;
425;Μητρώο Διακριτικών Τίτλων ΞΕΕ;Άδειες;;;FALSE;FALSE;;ΧΡΕΙΑΖΕΤΑΙ ΔΙΕΥΚΡΙΝΙΣΗ
426;ΜΗΤΡΩΟ ΕΙΔΙΚΩΝ ΣΗΜΑΤΩΝ ΠΟΙΟΤΗΤΑΣ ΓΙΑ ΤΗΝ ΕΛΛΗΝΙΚΗ ΚΟΥΖΙΝΑ (Ε.Σ.Π.Ε.Κ.);Άδειες;;;FALSE;FALSE;;ΧΡΕΙΑΖΕΤΑΙ ΔΙΕΥΚΡΙΝΙΣΗ
427;Μητρώο Ιαματικών Πόρων;Υποδομές;;;FALSE;FALSE;;ΧΡΕΙΑΖΕΤΑΙ ΔΙΕΥΚΡΙΝΙΣΗ
428;Μητρώο Ξεναγών (ΜΗ.ΞΕΝ.);Πολίτες+;;;FALSE;TRUE;;ΙΔΙΟ ΜΕ 418
429;ΜΗΤΡΩΟ ΟΙΝΟΤΟΥΡΙΣΤΙΚΩΝ ΕΠΙΧΕΙΡΗΣΕΩΝ ΚΑΤΟΧΩΝ ΣΗΜΑΤΟΣ ΕΠΙΣΚΕΨΙΜΟΥ ΟΙΝΟΠΟΙΕΙΟΥ;Επιχειρήσεις;;;FALSE;FALSE;;
430;Μητρώο Σπουδαστών Ανώτερων Σχολών Τουριστικής Εκπαίδευσης Ρόδου και Κρήτης;Πολίτες+;Υπηρεσιακό;;FALSE;FALSE;;
431;ΜΗΤΡΩΟ ΤΟΥΡΙΣΤΙΚΩΝ ΕΠΙΧΕΙΡΗΣΕΩΝ Μ.Η.Τ.Ε;Επιχειρήσεις;;;FALSE;FALSE;;
432;ATLAS;Πρακτικές Φοιτητών;Υπηρεσιακό;1 υπηρεσία;TRUE;FALSE;;ΧΡΕΙΑΖΕΤΑΙ ΔΙΕΥΚΡΙΝΙΣΗ
433;BI FORMS;Προσωπικό;Υπηρεσιακό;1 υπηρεσία;FALSE;FALSE;;ΧΡΕΙΑΖΕΤΑΙ ΔΙΕΥΚΡΙΝΙΣΗ
434;E-ΔΑΠΥ ανοιχτής περίθαλψης;Πολίτες+;Υπηρεσιακό;Εσωτερική;TRUE;FALSE;;ΧΡΕΙΑΖΕΤΑΙ ΔΙΕΥΚΡΙΝΙΣΗ
435;EQUAL (EΦΑΡΜΟΓΗ ISO);Άλλο;Υπηρεσιακό;Εσωτερική;FALSE;TRUE;ΟΧΙ ΜΗΤΡΩΟ;
436;ICD10;Άλλο;Υπηρεσιακό;Εσωτερική;FALSE;TRUE;ΟΧΙ ΜΗΤΡΩΟ;
437;Άδειες εισαγωγών και εξαγωγών ναρκωτικών φαρμάκων (Δ/νση Φαρμάκου);Άδειες;Εθνικό;1 υπηρεσία;FALSE;FALSE;;
438;ΑΜΚΑ ΤΟ DATA;Πολίτες+;Εθνικό;Πολλές υπηρεσίες;FALSE;TRUE;;ΧΡΕΙΑΖΕΤΑ ΔΙΕΥΚΡΙΝΙΣΗ
439;Αμοιβές για Συμβουλευτικές Επιτροπές Εμπειρογνωμόνων;Οικονομική δραστηριότητα;;;FALSE;FALSE;;ΧΡΕΙΑΖΕΤΑ ΔΙΕΥΚΡΙΝΙΣΗ
440;Απογραφή (Υπουργείο υγείας);Προσωπικό;Εθνικό;Πολλές υπηρεσίες;FALSE;TRUE;;
441;Ασθενών;Πολίτες+;Υπηρεσιακό;1 υπηρεσία;FALSE;FALSE;;
442;ΑΤΛΑΣ;Πρακτικές Φοιτητών;Υπηρεσιακό;1 υπηρεσία;TRUE;TRUE;ΙΔΙΟ ΜΕ 433;
443;ΒΕΒΑΙΩΣΗ ΑΔΕΙΑΣ ΑΣΚΗΣΗΣ ΙΑΤΡΙΚΟΥ ΕΠΑΓΓΕΛΜΑΤΟΣ;Πολίτες+;Εθνικό;Πολλές υπηρεσίες;FALSE;FALSE;;ΧΡΕΙΑΖΕΤΑΙ ΔΙΕΥΚΡΙΝΙΣΗ
444;Βεβαίωση Χρόνου Ειδικότητας (Υπουργείο Υγείας);Πολίτες+;Εθνικό;Πολλές υπηρεσίες;FALSE;FALSE;;ΧΡΕΙΑΖΕΤΑΙ ΔΙΕΥΚΡΙΝΙΣΗ
445;Γεννήσεων (Υπουργείο Υγείας);Πολίτες+;Εθνικό;Πολλές υπηρεσίες;FALSE;FALSE;;ΧΡΕΙΑΖΕΤΑΙ ΔΙΕΥΚΡΙΝΙΣΗ
446;Γραμματεία (Υπουργείο Υγείας);Πρωτόκολλο;Υπηρεσιακό;Εσωτερική;FALSE;TRUE;;
447;Γραμματεία-Πρωτόκολλο (Υπουργείο Υγείας);Πρωτόκολλο;Υπηρεσιακό;Εσωτερική;FALSE;TRUE;;
448;Γραφείο προστασίας δικαιωμάτων ληπτών υπηρεσιών υγείας;Άλλο;Άλλο;Εσωτερική;FALSE;TRUE;ΟΧΙ ΜΗΤΡΩΟ;
449;Δ.Α.ΣΤΑ.;Πρακτικές Φοιτητών;Υπηρεσιακό;1 υπηρεσία;TRUE;FALSE;;ΚΑΛΥΤΕΡΗ ΠΕΡΙΓΡΑΦΗ ΤΙΤΛΟΥ
450;ΔΑΣΤΑ;Πρακτικές Φοιτητών;Υπηρεσιακό;1 υπηρεσία;FALSE;TRUE;ΙΔΙΟ ΜΕ 450;ΧΡΕΙΑΖΕΤΑΙ ΔΙΕΥΚΡΙΝΙΣΗ
451;ΔΑΥΚ;Συνταξιοδοτήσεις;Υπηρεσιακό;1 υπηρεσία;FALSE;FALSE;;ΚΑΛΥΤΕΡΗ ΠΕΡΙΓΡΑΦΗ ΤΙΤΛΟΥ
452;ΔΑΥΚ ( ΔΕΛΤΙΟ ΑΤΟΜΙΚΗΣ ΚΑΙ ΥΠΗΡΕΣΙΑΚΗΣ ΚΑΤΑΣΤΑΣΗΣ);Συνταξιοδοτήσεις;Υπηρεσιακό;1 υπηρεσία;FALSE;FALSE;;ΧΡΕΙΑΖΕΤΑΙ ΔΙΕΥΚΡΙΝΙΣΗ
453;Δεσμεύσεων (Υπουργείο Υγείας);Οικονομική δραστηριότητα;Υπηρεσιακό;Εσωτερική;FALSE;FALSE;;
454;ΔΗΛΩΣΕΙΣ ΓΕΝΝΗΣΗΣ ΝΕΟΓΕΝΝΗΤΩΝ;Πολίτες+;Εθνικό;1 υπηρεσία;FALSE;FALSE;;ΧΡΕΙΑΖΕΤΑΙ ΔΙΕΥΚΡΙΝΙΣΗ
455;ΔΙΑΥΓΕΙΑ;Αποφάσεις;;;FALSE;FALSE;;ΧΡΕΙΑΖΕΤΑΙ ΔΙΕΥΚΡΙΝΙΣΗ
456;ΔΙΕΥΘΥΝΣΗ ΝΟΣΗΛΕΥΤΙΚΗΣ ΥΠΗΡΕΣΙΑΣ;Άλλο;Εθνικό;Πολλές υπηρεσίες;FALSE;TRUE;ΟΧΙ ΜΗΤΡΩΟ;
457;Διοικητική υπηρεσία;Άλλο;Υπηρεσιακό;Εσωτερική;TRUE;FALSE;;
458;Δράσεις αγωγής υγείας και πρόληψης στην κοινότητα (μαθητικό πληθυσμό, ευπαθείς ομάδες, άγονες περιοχές κ.α.;Άλλο;Άλλο;Εσωτερική;FALSE;FALSE;;ΧΡΕΙΑΖΕΤΑΙ ΔΙΕΥΚΡΙΝΙΣΗ
459;ΔΡΑΣΕΙΣ ΣΤΗΝ ΚΟΙΝΟΤΗΤΑ;Άλλο;Άλλο;Εσωτερική;FALSE;FALSE;;ΧΡΕΙΑΖΕΤΑΙ ΔΙΕΥΚΡΙΝΙΣΗ
460;Εθνικό Μητρώο Αιμοδοτών (ΕΜΑ);Πολίτες+;Εθνικό;Πολλές υπηρεσίες;FALSE;FALSE;;
461;Εθνικό Μητρώο Αρνητών Δωρεάς Οργάνων;Πολίτες+;Εθνικό;Πολλές υπηρεσίες;FALSE;FALSE;;
462;Εθνικό Μητρώο ασθενών Covid-19;Πολίτες+;Εθνικό;Πολλές υπηρεσίες;FALSE;FALSE;;
463;Εθνικό Μητρώο Δωρητών Οργάνων;Πολίτες+;Εθνικό;Πολλές υπηρεσίες;FALSE;FALSE;;
464;Εθνικό Μητρώο Εθελοντών Δοτών Αρχέγονων Αιμοποιητικών Κυττάρων και μονάδων Ομφαλοπλα-κουντιακού Αίματος;Πολίτες+;Εθνικό;Πολλές υπηρεσίες;FALSE;FALSE;;
465;Ειδών (Υπουργείο Υγείας);Αντικείμενα;Τομεακό;Εσωτερική;FALSE;FALSE;;
466;ΕΚΔΔΑ(ΕΘΝΙΚΟ ΚΕΝΤΡΟ ΔΗΜΟΣΙΑΣ ΔΙΟΙΚΗΣΗΣ & ΑΝΑΣΥΓΚΡΟΤΗΣΗΣ);Προσωπικό;Υπηρεσιακό;Εσωτερική;FALSE;FALSE;;
467;ΕΛΛΗΝΙΚΗ ΣΤΑΤΙΣΤΙΚΗ ΑΡΧΗ;Άλλο;Άλλο;;FALSE;TRUE;ΟΧΙ ΜΗΤΡΩΟ;
468;Εμβολιαστική κάλυψη πληθυσμού;Πολίτες+;Εθνικό;Πολλές υπηρεσίες;FALSE;FALSE;;
469;ΕΜΠΙΣΤΕΥΤΙΚΟ ΠΡΩΤΟΚΟΛΛΟ;Πρωτόκολλο;Υπηρεσιακό;Εσωτερική;TRUE;TRUE;;
470;Εντάλματα (Υπουργείο Υγείας);Οικονομική δραστηριότητα;Υπηρεσιακό;1 υπηρεσία;FALSE;FALSE;;
471;Έντυπα Ελέγχου Ποιότητας νερού ανθρώπινης κατανάλωσης;;;;FALSE;FALSE;;ΧΡΕΙΑΖΕΤΑΙ ΔΙΕΥΚΡΙΝΙΣΗ
472;Εξωτερικών Ιατρείων;Πολίτες+;Υπηρεσιακό;Εσωτερική;TRUE;FALSE;;
473;ΕΞΩΤΕΡΙΚΩΝ ΚΑΙ ΕΣΩΤΕΡΙΚΩΝ ΑΣΘΕΝΩΝ;Πολίτες+;;;FALSE;FALSE;;
474;Εοο;Πολίτες+;Εθνικό;Πολλές υπηρεσίες;TRUE;FALSE;;ΧΡΕΙΑΖΕΤΑΙ ΔΙΕΥΚΡΙΝΙΣΗ
475;Επειγόντων Περιστατικών;Πολίτες+;Υπηρεσιακό;1 υπηρεσία;TRUE;FALSE;;
476;ΕΠΙΣΚΕΠΤΕΣ/ΤΡΙΕΣ ΥΓΕΙΑΣ;Πολίτες+;;;FALSE;FALSE;;ΧΡΕΙΑΖΕΤΑΙ ΔΙΕΥΚΡΙΝΙΣΗ
477;Εργαζομένων ( Υπουργείο Υγείας );Προσωπικό;Υπηρεσιακό;Εσωτερική;FALSE;FALSE;;
478;ΕΡΓΑΝΗ;Προσωπικό;;;FALSE;TRUE;ΙΔΙΟ ΜΕ 480;
479;ΕΡΓΑΝΗ (ΠΛΗΡΟΦΟΡΙΑΚΟ ΣΥΣΤΗΜΑ ΕΞΥΠΗΡΕΤΗΣΗΣ ΕΠΙΧΕΙΡΗΣΕΩΝ ΥΠΟΥΡΓΕΙΟΥ ΕΡΓΑΣΙΑΣ ΚΑΙ ΚΟΙΝΩΝΙΚΩΝ ΥΠΟΘΕΣΕΩΝ);Οργανισμοί/Φορείς;;;TRUE;FALSE;;ΧΡΕΙΑΖΕΤΑΙ ΔΙΕΥΚΡΙΝΙΣΗ
480;ΕΡΓΑΣΤΗΡΙΑΚΩΝ ΕΞΕΤΑΣΕΩΝ;Πολίτες+;Εθνικό;Πολλές υπηρεσίες;FALSE;FALSE;;
481;Εργαστηρίων ( Υπουργείο Υγείας );Υποδομές;Τομεακό;Πολλές υπηρεσίες;FALSE;FALSE;;
482;ΕΦΑΡΜΟΓΗ ΑΠΟΤΥΠΩΣΗΣ ΤΗΣ ΚΙΝΗΤΙΚΟΤΗΤΑΣ ΥΠΑΛΛΗΛΩΝ ΑΡΜΟΔΙΟΤΗΤΑΣ ΤΗΣ 5ΗΣ ΥΠΕ;Αιτήσεις;Υπηρεσιακό;1 υπηρεσία;TRUE;FALSE;;
483;ΗΔΙΚΑ;Προσωπικό;Υπηρεσιακό;Εσωτερική;FALSE;FALSE;;
484;ΗΛΕΚΤΡΟΝΙΚΑ ΡΑΝΤΕΒΟΥ (e-rantevou ΗΔΙΚΑ);Πολίτες+;Εθνικό;Πολλές υπηρεσίες;FALSE;FALSE;;
485;Ηλεκτρονικά ραντεβού στις Μονάδες πρωτοβάθμιας φροντίδας υγείας;Αιτήσεις;Εθνικό;1 υπηρεσία;FALSE;TRUE;ΟΧΙ ΜΗΤΡΩΟ;
486;Ηλεκτρονική Αναγγελία κλειστής περίθαλψης;Πολίτες+;Άλλο;Πολλές υπηρεσίες;FALSE;FALSE;;
487;ΗΛΕΚΤΡΟΝΙΚΗ ΣΥΝΤΑΓΟΓΡΑΦΗΣΗ;Πολίτες+;Εθνικό;Πολλές υπηρεσίες;FALSE;FALSE;;
488;ΗΛΕΚΤΡΟΝΙΚΟ ΜΗΤΡΩΟ ΑΝΤΙΓΡΙΠΙΚΟΥ ΕΜΒΟΛΙΑΣΜΩΝ (ΗΔΙΚΑ);Πολίτες+;Εθνικό;Πολλές υπηρεσίες;FALSE;FALSE;;
489;ΙΔΙΚΑ;Προσωπικό;Υπηρεσιακό;Εσωτερική;FALSE;TRUE;ΙΔΙΟ ΜΕ 484;
490;ΙΕΘΕ;;;;FALSE;FALSE;;ΧΡΕΙΑΖΕΤΑΙ ΔΙΕΥΚΡΙΝΙΣΗ
491;ΙΣΤΟΣΕΛΙΔΑ 5ης ΥΠΕ;;;;TRUE;TRUE;;
492;ΙΣΤΟΣΕΛΙΔΑ ΝΟΣΟΚΟΜΕΙΟΥ;;;;TRUE;TRUE;;
493;Κατάλογος Επικουρικών Ιατρών;Προσωπικό;Τομεακό;1 υπηρεσία;FALSE;FALSE;;
494;Κατάλογος Ιατρών προς Εξειδίκευση στις Πολυδύναμες Μονάδες Εντατικής Νοσηλείας;Προσωπικό;Τομεακό;1 υπηρεσία;FALSE;FALSE;;
495;ΚΕΝ (Κλειστά Ενοποιημένα Νοσήλια);Οικονομική δραστηριότητα;Υπηρεσιακό;Εσωτερική;FALSE;TRUE;ΟΧΙ ΜΗΤΡΩΟ;
496;ΚΗΜΔΗΣ (Κεντρικό Ηλεκτρονικό Μητρώο Δημοσίων Συμβάσεων);;;;FALSE;TRUE;ΟΧΙ ΜΗΤΡΩΟ;
497;Κλινικές Μελέτες;Άλλο;Τομεακό;Εσωτερική;FALSE;FALSE;;
498;Λίστα Χειρουργείων;Αποφάσεις;Υπηρεσιακό;Εσωτερική;FALSE;FALSE;;
499;Μητρώα Επισκέψεων Εξωτερικών Ιατρείων;Πολίτες+;Τομεακό;1 υπηρεσία;FALSE;FALSE;;
500;Μητρώο Covid;Πολίτες+;Τομεακό;1 υπηρεσία;FALSE;FALSE;;
501;ΜΗΤΡΩΟ ΑΙΜΟΔΟΤΩΝ;Πολίτες+;Τομεακό;1 υπηρεσία;TRUE;TRUE;ΙΔΙΟ ΜΕ 503, 504;
502;Μητρώο Αιμοδοτών;Πολίτες+;Τομεακό;1 υπηρεσία;TRUE;TRUE;;
503;ΜΗΤΡΩΟ ΑΙΜΟΛΗΨΙΩΝ (ΦΥΣΙΚΗ ΚΑΤΑΓΡΑΦΗ);Πολίτες+;Τομεακό;1 υπηρεσία;TRUE;TRUE;;
504;ΜΗΤΡΩΟ ΑΙΤΗΜΑΤΩΝ ΓΙΑ ΘΕΡΑΠΕΙΑ;Πολίτες+;Τομεακό;1 υπηρεσία;FALSE;FALSE;;
505;Μητρώο αιτήσεων καταχώρησης στον κατάλογο παρόχων υπηρεσιών σε δικαιούχους του αρθρ. 45 του ΕΚΠΥ του ΕΟΠΥΥ;Πολίτες+;;;FALSE;FALSE;;
506;Μητρώο αιτήσεων προσχώρησης στη συλλογική σύμβαση ΕΟΠΥΥ-ΠΣΦ;;;;FALSE;FALSE;;
507;Μητρώο Ακίνητης Περιουσίας Υπουργείου Υγείας και εποπτευόμενων Φορέων (eproperty);Υποδομές;Τομεακό;1 υπηρεσία;FALSE;FALSE;;
508;ΜΗΤΡΩΟ ΑΚΤΙΝΟΛΟΓΙΚΟΥ (ΦΥΣΙΚΗ ΚΑΤΑΓΡΑΦΗ);Πολίτες+;Τομεακό;1 υπηρεσία;FALSE;FALSE;;
509;ΜΗΤΡΩΟ ΑΝΘΡΩΠΙΝΟΥ ΔΥΝΑΜΙΚΟΥ;Προσωπικό;Υπηρεσιακό;;FALSE;TRUE;;
510;ΜΗΤΡΩΟ ΑΝΘΡΩΠΙΝΟΥ ΔΥΝΑΜΙΚΟΎ;Προσωπικό;Υπηρεσιακό;;FALSE;TRUE;;
511;Μητρώο Ανθρωπίνου Δυναμικού;Προσωπικό;Υπηρεσιακό;;FALSE;TRUE;;
512;Μητρώο Ανθρώπινου Δυναμικού;Προσωπικό;Υπηρεσιακό;;FALSE;TRUE;;
513;ΜΗΤΡΩΟ ΑΝΘΡΩΠΙΝΟΥ ΔΥΝΑΜΙΚΟΥ ΔΗΜΟΣΙΟΥ (ΑΠΟΓΡΑΦΗ);Προσωπικό;Υπηρεσιακό;;FALSE;TRUE;;
514;ΜΗΤΡΩΟ ΑΝΘΡΩΠΙΝΟΥ ΔΥΝΑΜΙΚΟΥ ΕΛΛΗΝΙΚΟΥ ΔΗΜΟΣΙΟΥ;Προσωπικό;Εθνικό;Πολλές υπηρεσίες;FALSE;FALSE;;
515;Μητρώο Αποζημιούμενων Προϊόντων ΕΟΠΥΥ;Προσωπικό;Τομεακό;Πολλές υπηρεσίες;FALSE;FALSE;;
516;Μητρώο αποκλειστικών νοσοκομων;Προσωπικό;Τομεακό;1 υπηρεσία;FALSE;FALSE;;
517;Μητρώο Αποκλειστικών Νοσοκόμων;Προσωπικό;Υπηρεσιακό;;FALSE;TRUE;ΙΔΙΟ ΜΕ 517;
518;ΜΗΤΡΩΟ ΑΣΘΕΝΟΦΟΡΩΝ ΑΥΤΟΚΙΝΗΤΩΝ, ΙΔΙΩΤΙΚΩΝ ΦΟΡΕΩΝ;Υποδομές;Τομεακό;Πολλές υπηρεσίες;FALSE;FALSE;;
519;ΜΗΤΡΩΟ ΑΣΘΕΝΩΝ;Πολίτες+;Τομεακό;Πολλές υπηρεσίες;FALSE;FALSE;;
520;Μητρώο Ασθενών;Πολίτες+;Τομεακό;;FALSE;TRUE;ΙΔΙΟ ΜΕ 520;
521;Μητρώο Ασθενών (επισκέψεων - κοστολογήσεων/τιμολογήσεων των ιατρικών πράξεων που εκτελούνται στο Νοσοκομείο);Οικονομική δραστηριότητα;Τομεακό;1 υπηρεσία;FALSE;FALSE;;
522;Μητρώο ασθενών Ηπατίτιδας C;Πολίτες+;Τομεακό;;FALSE;FALSE;;
523;Μητρώο Ασθενών Λίστας Χειρουργείου;Πρωτόκολλο;Τομεακό;1 υπηρεσία;FALSE;FALSE;;
524;Μητρώο ασθενών με απομυελινωτικές παθήσεις του Κ.Ν.Σ (Σκλήρυνση κατά Πλάκας);Πολίτες+;Υπηρεσιακό;;FALSE;FALSE;;
525;Μητρώο ασθενών με Θαλασσαιμία;Πολίτες+;Υπηρεσιακό;;FALSE;FALSE;;
526;Μητρώο ασθενών με Σακχαρώδη Διαβήτη;Πολίτες+;Υπηρεσιακό;;FALSE;FALSE;;
527;Μητρώο Ασθενών με χρόνια νεφρική ανεπάρκεια;Αρχεία;Τομεακό;1 υπηρεσία;FALSE;FALSE;;
528;Μητρώο ασθενών μεταναστευτικών ροών νοσηλευθέντων και νοσηλευομένων στις κλινικές του νοσοκομείου.;Αρχεία;Τομεακό;1 υπηρεσία;FALSE;FALSE;;
529;Μητρώο Ασθενών ΝΜ Έδεσσας;Αρχεία;Τομεακό;1 υπηρεσία;FALSE;FALSE;;
530;Μητρώο ασθενών νοσηλευθέντων και νοσηλευομένων στις κλινικές του νοσοκομείου μας και προσέλευσης στα ΤΕΠ;Πολίτες+;Τομεακό;;FALSE;FALSE;;
531;Μητρώο Ασθενών Πολυδύναμου Κέντρου Μονάδα Σωματικής Αποτοξίνωσης;Αρχεία;Τομεακό;1 υπηρεσία;FALSE;FALSE;;
532;Μητρώο Ασθενών στις Δομές Ψυχικής Υγείας: ΚΠΚ & ΞΕΝΩΝΑΣ, Ξενώνας Χαραυγή, Ξενώνας Α΄Ψυχαργώς, Α&Β Προστατευμένα Διαμερίσματα;Αρχεία;Τομεακό;1 υπηρεσία;FALSE;FALSE;;
533;Μητρώο ασθενών Χρόνιας Μυολεγενούς Λευχαιμίας;Πολίτες+;Τομεακό;;FALSE;FALSE;;
534;Μητρώο Βλαβών - Συντηρήσεων;Αρχεία;Τομεακό;Εσωτερική;FALSE;FALSE;;
535;ΜΗΤΡΩΟ ΓΕΝΝΗΣΕΩΝ;Πολίτες+;Εθνικό;Πολλές υπηρεσίες;FALSE;FALSE;;
536;Μητρώο Γεννήσεων;Άλλο;Τομεακό;;FALSE;TRUE;ΙΔΙΟ ΜΕ 536 ;
537;Μητρώο γεννήσεων;Άλλο;Τομεακό;;FALSE;TRUE;ΙΔΙΟ ΜΕ 536 & 587;
538;Μητρώο γνωματεύσεων ΚΨΥ Βόλου;Αρχεία;Υπηρεσιακό;Εσωτερική;FALSE;FALSE;;
539;ΜΗΤΡΩΟ ΔΕΣΜΕΥΣΕΩΝ;Οικονομική δραστηριότητα;Υπηρεσιακό;Εσωτερική;FALSE;FALSE;;
540;Μητρώο Δεσμεύσεων;Οικονομική δραστηριότητα;Υπηρεσιακό;;FALSE;TRUE;ΙΔΙΟ ΜΕ 540, 541,542,543;
541;Μητρώο δεσμεύσεων;Οικονομική δραστηριότητα;Υπηρεσιακό;;FALSE;TRUE;;
542;Μητρώο Δεσμεύσεων (Δ/νση Οικονομικής Διαχείρησης);Οικονομική δραστηριότητα;Υπηρεσιακό;;FALSE;TRUE;;
543;Μητρώο Δεσμεύσεων Οικονομικής Υπηρεσίας;Οικονομική δραστηριότητα;Υπηρεσιακό;;FALSE;TRUE;;
544;ΜΗΤΡΩΟ ΔΗΜΟΣΙΩΝ ΙΣΤΟΤΟΠΩΝ ΚΑΙ ΕΦΑΡΜΟΓΩΝ (ΜΗ.Δ.ΙΣ.ΕΦ.);Πληροφόρηση;Άλλο;Εσωτερική;FALSE;TRUE;ΟΧΙ ΜΗΤΡΩΟ;
545;Μητρώο διαγωνισμών;Οικονομική δραστηριότητα;Τομεακό;1 υπηρεσία;FALSE;FALSE;;
546;Μητρώο διαγωνιστικών διαδικασιών προμηθειών;Οικονομική δραστηριότητα;Τομεακό;1 υπηρεσία;FALSE;FALSE;;
547;Μητρώο διακηρύξεων;Οικονομική δραστηριότητα;Τομεακό;1 υπηρεσία;FALSE;FALSE;;
548;Μητρωο Διαχείρισης Συμβασεων IT SLA;Αρχεία;Άλλο;Εσωτερική;FALSE;TRUE;ΟΧΙ ΜΗΤΡΩΟ;
549;Μητρωο Διαχείρισης Συμβασεων Πληροφορικής (IT SLA);Αρχεία;Άλλο;Εσωτερική;FALSE;TRUE;ΙΔΙΟ ΜΕ 549;
550;ΜΗΤΡΩΟ ΕΓΓΕΓΡΑΜΜΕΝΩΝ ΛΗΠΤΩΝ ΥΠΗΡΕΣΙΩΝ ΥΓΕΙΑΣ (ΠΟΛΙΤΩΝ);Πολίτες+;Τομεακό;Πολλές υπηρεσίες;FALSE;FALSE;;
551;Μητρώο Εγγράφων (Υπουργείο Υγείας);Πρωτόκολλο;Υπηρεσιακό;Εσωτερική;FALSE;FALSE;;
552;Μητρώο Εγκαυματιών;Πολίτες+;Τομεακό;;FALSE;FALSE;;ΧΡΕΙΑΖΕΤΑΙ ΔΙΕΥΚΡΙΝΙΣΗ
553;ΜΗΤΡΩΟ ΕΘΕΛΟΝΤΩΝ (ΗΛΕΚΤΡΟΝΙΚΗ ΕΦΑΡΜΟΓΗ);Πολίτες+;Τομεακό;1 υπηρεσία;FALSE;FALSE;;
554;Μητρώο Εθελοντών & Εθελοντικών Ομάδων Υγείας & Κοινωνικής Φροντίδας;Αρχεία;Τομεακό;1 υπηρεσία;FALSE;FALSE;;
555;Μητρώο Εθελοντών Αιμοδοτών;Πολίτες+;Τομεακό;1 υπηρεσία;FALSE;FALSE;;
556;ΜΗΤΡΩΟ ΕΙΣΕΡΧΟΜΕΝΗΣ – ΕΞΕΡΧΟΜΕΝΗΣ ΑΛΛΗΛΟΓΡΑΦΙΑΣ / ΗΛΕΚΤΡΟΝΙΚΗ ΠΡΩΤΟΚΟΛΛΗΣΗ ΕΓΓΡΑΦΩΝ;Πρωτόκολλο;Τομεακό;1 υπηρεσία;FALSE;TRUE;ΟΧΙ ΜΗΤΡΩΟ;
557;Μητρώο ενηλίκων ΚΨΥ Βόλου;Πολίτες+;Τομεακό;1 υπηρεσία;FALSE;FALSE;;
558;ΜΗΤΡΩΟ ΕΝΤΑΛΜΑΤΩΝ;Οικονομική δραστηριότητα;Τομεακό;1 υπηρεσία;FALSE;TRUE;ΟΧΙ ΜΗΤΡΩΟ;
559;Μητρώο Εξωτερικών Ασθενών;Πρωτόκολλο;Τομεακό;1 υπηρεσία;FALSE;FALSE;;
560;Μητρώο εξωτερικών ασθενών;Πολίτες+;Τομεακό;;FALSE;TRUE;ΙΔΙΟ ΜΕ 560;
561;ΜΗΤΡΩΟ ΕΠΙΣΚΕΨΕΩΝ Α' ΒΟΗΘΕΙΩΝ (ΦΥΣΙΚΗ ΚΑΤΑΓΡΑΦΗ);Ραντεβού;Τομεακό;1 υπηρεσία;FALSE;FALSE;;
562;ΜΗΤΡΩΟ ΕΠΙΣΚΕΨΕΩΝ ΑΝΑ ΙΑΤΡΕΙΟ (ΦΥΣΙΚΗ ΚΑΤΑΓΡΑΦΗ);Ραντεβού;Τομεακό;1 υπηρεσία;FALSE;FALSE;;
563;ΜΗΤΡΩΟ ΕΠΙΣΚΕΨΕΩΝ ΑΝΑ ΙΑΤΡΟ;Ραντεβού;Τομεακό;1 υπηρεσία;FALSE;FALSE;;
564;Μητρώο Επισκέψεων Εξωτερικών Ιατρείων;Πρωτόκολλο;Τομεακό;1 υπηρεσία;FALSE;FALSE;;
565;Μητρώο Επισκέψεων Επειγόντων Ιατρείων;Πρωτόκολλο;Τομεακό;1 υπηρεσία;FALSE;FALSE;;
566;ΜΗΤΡΩΟ ΕΡΓΑΖΟΜΕΝΩΝ;Προσωπικό;Υπηρεσιακό;1 υπηρεσία;FALSE;FALSE;;
567;Μητρώο Εργαζομένων;Προσωπικό;Υπηρεσιακό;1 υπηρεσία;FALSE;TRUE;ΙΔΙΟ ΜΕ 567;
568;Μητρώο Εργαζομένων ΝΜ Έδεσσας;Προσωπικό;Υπηρεσιακό;1 υπηρεσία;FALSE;FALSE;;
569;Μητρώο εργαστηρίων φυσικοθεραπείας;Αρχεία;Υπηρεσιακό;Εσωτερική;FALSE;FALSE;;ΧΡΕΙΑΖΕΤΑΙ ΔΙΕΥΚΡΙΝΙΣΗ
570;ΜΗΤΡΩΟ ΗΜΕΡΗΣΙΑΣ ΚΙΝΗΣΗΣ ΓΥΝΑΙΚΩΝ ΠΡΟΣΕΡΧΟΜΕΝΩΝ ΣΤΟ ΚΥ ΓΙΑ ΤΕΣΤ ΠΑΠ, ΓΥΝΑΙΚΟΛΟΓΙΚΗ ΕΞΕΤΑΣΗ Κ.Α (ΦΥΣΙΚΗ ΚΑΤΑΓΡΑΦΗ);Πρωτόκολλο;Τομεακό;1 υπηρεσία;FALSE;FALSE;;
571;ΜΗΤΡΩΟ ΘΕΡΑΠΕΥΟΜΕΝΩΝ;Πολίτες+;Τομεακό;1 υπηρεσία;FALSE;FALSE;;
572;Μητρώο Θεωρήσεων Εσωτερικών Κανονισμών Διαχείρισης Επικίνδυνων Ιατρικών Αποβλήτων;Πρωτόκολλο;Τομεακό;1 υπηρεσία;FALSE;FALSE;;
573;ΜΗΤΡΩΟ ΙΑΤΡΙΚΟΥ ΥΠΟΣΥΣΤΗΜΑΤΟΣ (AMEDLINE);;;;FALSE;FALSE;;
574;Μητρώο ιατρικών βεβαιώσεων - γνωματευσεων;;;;FALSE;FALSE;;
575;Μητρώο Ιατρικών Φακέλων Ασθενών (ΑΡΧΕΙΟ);Αρχεία;Τομεακό;1 υπηρεσία;FALSE;FALSE;;
576;Μητρώο ιατροτεχνολογικού εξοπλισμού;Υποδομές;Τομεακό;1 υπηρεσία;FALSE;FALSE;;
577;Μητρώο Ιατροτεχνολογικού εξοπλισμού και συντηρήσεων;Υποδομές;Τομεακό;1 υπηρεσία;FALSE;FALSE;;
578;Μητρώο Ιατροτεχνολογικού Εξοπλισμού υψηλού επενδυτικού κόστους/ τεχνολογίας αιχμής των δημόσιων Μονάδων Υγείας;Υποδομές;Τομεακό;1 υπηρεσία;FALSE;FALSE;;
579;Μητρώο Ιατροτεχνολογικών Προϊόντων ΕΡΕΥΝΗΤΙΚΟ ΚΕΝΤΡΟ ΒΙΟΛΟΓΙΚΩΝ ΥΛΙΚΩΝ (ΕΚΕΒΥΛ);Υποδομές;Τομεακό;1 υπηρεσία;FALSE;FALSE;;
580;Μητρώο Ιδιωτικών Κλινικών (Δ/νση Οργάνωσης και Λειτουργίας Νοσηλευτικών Μονάδων και Εποπτευόμενων Φορέων);Οργανισμοί/Φορείς;Εθνικό;1 υπηρεσία;FALSE;FALSE;;
581;Μητρώο Ιδρυμάτων Ιστών;Οργανισμοί/Φορείς;Εθνικό;1 υπηρεσία;FALSE;FALSE;;
582;ΜΗΤΡΩΟ ΚΑΤΑΓΡΑΦΗΣ ΑΣΘΕΝΩΝ;Πολίτες+;Τομεακό;1 υπηρεσία;FALSE;FALSE;;
583;Μητρώο Κέντρου Ψυχικής Υγείας;;;;FALSE;FALSE;;ΧΡΕΙΑΖΕΤΑΙ ΔΙΕΥΚΡΙΝΙΣΗ
584;Μητρώο κοστολογήσεων/τιμολογήσεων νοσηλειών ανα ασθενή ανα ICD10 που νοσηλεύονται στο Νοσοκομείο;;;;FALSE;FALSE;ΙΔΙΟ ΜΕ 587;
585;Μητρώο κοστολογήσεων/τιμολογήσεων των ιατρικών πράξεων που εκτελούνται στα Κέντρα Υγείας;Οικονομική δραστηριότητα;Τομεακό;1 υπηρεσία;FALSE;FALSE;;
586;Μητρώο κοστολογήσεων/τιμολογήσεων των ιατρικών πράξεων που εκτελούνται στο Νοσοκομείο;Οικονομική δραστηριότητα;Τομεακό;1 υπηρεσία;FALSE;FALSE;;
587;ΜΗΤΡΩΟ ΜΕ ΕΒΔΟΜΑΔΙΑΙΑ ΚΑΙ ΜΗΝΙΑΙΑ ΠΑΡΟΥΣΙΟΛΟΓΙΑ - ΠΙΝΑΚΕΣ ΑΔΕΙΩΝ;Προσωπικό;Υπηρεσιακό;Εσωτερική;FALSE;FALSE;;
588;Μητρώο μελών (Υπουργείο Υγείας);;;;FALSE;FALSE;;ΧΡΕΙΑΖΕΤΑΙ ΔΙΕΥΚΡΙΝΙΣΗ
589;Μητρώο μελών συμμετοχής σε εκπαιδευτικά προγράμματα Π.Σ.Φ.;;;;FALSE;FALSE;;ΧΡΕΙΑΖΕΤΑΙ ΔΙΕΥΚΡΙΝΙΣΗ
590;Μητρώο μελών του Π.Σ.Φ.;;;;FALSE;FALSE;;ΧΡΕΙΑΖΕΤΑΙ ΔΙΕΥΚΡΙΝΙΣΗ
591;Μητρώο μελών των Επιστημονικών Τμημάτων (Ε.Τ) του Π.Σ.Φ.;;;;FALSE;FALSE;;ΧΡΕΙΑΖΕΤΑΙ ΔΙΕΥΚΡΙΝΙΣΗ
592;ΜΗΤΡΩΟ ΜΗΧΑΝΗΜΑΤΩΝ ΚΑΙ ΥΠΟΔΟΜΩΝ ΤΟΥ ΝΟΣΟΚΟΜΕΙΟΥ;Υποδομές;Τομεακό;1 υπηρεσία;FALSE;FALSE;;
593;Μητρώο μισθοδοσίας;Προσωπικό;Υπηρεσιακό;Εσωτερική;FALSE;TRUE;ΠΛΗΡΟΦΟΡΙΑΚΟ ΣΥΣΤΗΜΑ;
594;ΜΗΤΡΩΟ ΜΙΣΘΟΔΟΤΟΥΜΕΝΩΝ;Προσωπικό;Τομεακό;1 υπηρεσία;FALSE;FALSE;;
595;Μητρώο Μισθοδοτούμενων (Υπουργείο Υγείας);Προσωπικό;Τομεακό;;FALSE;TRUE;;
596;ΜΗΤΡΩΟ ΜΙΣΘΟΔΟΤΟΥΜΕΝΩΝ ΕΛΛΗΝΙΚΟΥ ΔΗΜΟΣΙΟΥ;Προσωπικό;Υπηρεσιακό;Εσωτερική;FALSE;TRUE;;
597;Μητρώο μισθοδοτούμενων υπαλλήλων;Προσωπικό;Τομεακό;;FALSE;FALSE;;
598;Μητρώο Νομικών Υποθέσεων;Αρχεία;Υπηρεσιακό;Εσωτερική;FALSE;FALSE;;
599;Μητρώο Νοσηλευμένων Ασθενών;Πρωτόκολλο;Υπηρεσιακό;Εσωτερική;FALSE;FALSE;;
600;Μητρώο Νοσοκομειακών Λοιμώξεων;Άλλο;Τομεακό;1 υπηρεσία;FALSE;FALSE;;
601;Μητρώο νοσολογικής κίνησης ΚΨΥ Βόλου (Bi form);Πληροφόρηση;Υπηρεσιακό;1 υπηρεσία;FALSE;FALSE;;
602;Μητρώο Παγίων;Αντικείμενα;Υπηρεσιακό;1 υπηρεσία;FALSE;FALSE;;
603;ΜΗΤΡΩΟ ΠΑΓΙΩΝ (ΗΛΕΚΤΡΟΝΙΚΗ ΕΦΑΡΜΟΓΗ) ΕΝΙΑΙΑ ΓΙΑ ΚΕΝΤΡΑ ΥΓΕΙΑΣ ΤΟΜΥ ΚΑΙ ΚΕΝΤΡΙΚΗ ΥΠΗΡΕΣΙΑ;Υποδομές;Υπηρεσιακό;1 υπηρεσία;FALSE;FALSE;;
604;Μητρώο παγίων (Υπουργείο Υγείας);Αντικείμενα;Υπηρεσιακό;1 υπηρεσία;FALSE;FALSE;;
605;Μητρώο Παγίων Υλικών (Υπουργείο Υγείας);Αντικείμενα;Υπηρεσιακό;1 υπηρεσία;FALSE;FALSE;;
606;Μητρώο Παθολογοανατομικών εξετασεων ασθενών;Πολίτες+;Τομεακό;1 υπηρεσία;FALSE;FALSE;;
607;Μητρώο παιδιών και εφήβων ΚΨΥ Βόλου;Πολίτες+;Τομεακό;1 υπηρεσία;FALSE;FALSE;;
608;Μητρώο Παραγόμενων Ποσοτήτων Επικίνδυνων Αποβλήτων Υγειονομικών Μονάδων;Αντικείμενα;Τομεακό;1 υπηρεσία;FALSE;FALSE;;
609;Μητρώο Παρακολούθησης Απαιτήσεων Νοσηλίων;Οικονομική δραστηριότητα;Τομεακό;1 υπηρεσία;FALSE;FALSE;;
610;Μητρώο Πελατών (Υπουργείο Υγείας);Αρχεία;Υπηρεσιακό;Εσωτερική;TRUE;FALSE;;
611;ΜΗΤΡΩΟ ΠΟΡΕΙΑΣ ΠΡΟΣΩΠΙΚΟΥ ΚΑΙ ΗΜΕΡΗΣΙΟ ΔΕΛΤΙΟ ΑΣΘΕΝΟΦΟΡΟΥ (ΦΥΣΙΚΟ ΑΡΧΕΙΟ);Πρωτόκολλο;Τομεακό;1 υπηρεσία;FALSE;FALSE;;
612;ΜΗΤΡΩΟ ΠΡΑΓΜΑΤΙΚΑ ΔΙΚΑΙΟΥΧΩΝ;Άλλο;Τομεακό;1 υπηρεσία;FALSE;FALSE;;ΧΡΕΙΑΖΕΤΑΙ ΔΙΕΥΚΡΙΝΙΣΗ
613;ΜΗΤΡΩΟ ΠΡΟΜΗΘΕΥΤΩΝ;Προϊόντα/Υπηρεσίες;Τομεακό;1 υπηρεσία;FALSE;TRUE;ΠΛΗΡΟΟΦΡΙΑΚΟ ΣΥΣΤΗΜΑ;
614;Μητρώο Προμηθευτών (Υπουργείο Υγείας);Επιχειρήσεις;Τομεακό;1 υπηρεσία;FALSE;FALSE;;
615;Μητρώο προμηθευτών-Διαχείριση Υλικού;Επιχειρήσεις;Τομεακό;1 υπηρεσία;FALSE;FALSE;;
616;Μητρώο Προμηθευτών-Πελατών;Επιχειρήσεις;Τομεακό;1 υπηρεσία;FALSE;FALSE;;
617;ΜΗΤΡΩΟ ΠΡΟΣΩΠΙΚΟΥ;Προσωπικό;Τομεακό;1 υπηρεσία;FALSE;FALSE;;
618;ΜΗΤΡΩΟ ΠΡΟΣΩΠΙΚΟΥ (ORCO);Προσωπικό;Τομεακό;1 υπηρεσία;FALSE;FALSE;;
619;ΜΗΤΡΩΟ ΠΡΟΣΩΠΙΚΟΥ (ORCO) (ΗΛΕΚΤΡΟΝΙΚΗ ΕΦΑΡΜΟΓΗ);Προσωπικό;Υπηρεσιακό;Εσωτερική;FALSE;TRUE;ΟΧΙ ΜΗΤΡΩΟ;
620;Μητρώο προσωπικού (Υπουργείο Υγείας);Προσωπικό;Τομεακό;1 υπηρεσία;FALSE;FALSE;;
621;Μητρώο Συμβάσεων;Οικονομική δραστηριότητα;Τομεακό;1 υπηρεσία;FALSE;FALSE;;
622;Μητρώο συμβάσεων;Οικονομική δραστηριότητα;Τομεακό;;FALSE;TRUE;ΔΙΠΛΟΕΓΓΡΑΦΗ;
623;Μητρώο Συνεδριών Αιμοκάθαρσης;Ραντεβού;Τομεακό;1 υπηρεσία;FALSE;FALSE;;
624;Μητρώο Ταμειακών Ροών - Διαθεσίμων;Οικονομική δραστηριότητα;Τομεακό;1 υπηρεσία;FALSE;TRUE;ΟΧΙ ΜΗΤΡΩΟ;
625;Μητρώο της Γενικής Διεύθυνσης Οικονομικών Υπηρεσιών, Διεύθυνση Οικονομικής Διαχείρισης;;;;TRUE;FALSE;;
626;Μητρώο τιμολόγησης ιατρικών πράξεων -(Παρακλινικές)-Μονάδας Τεχνητού Νεφρού;Οικονομική δραστηριότητα;Τομεακό;1 υπηρεσία;FALSE;FALSE;;
627;Μητρώο τιμολόγησης ιατρικών πράξεων ( Παρακλινικές ) -Μονάδας Τεχνητού Νεφρού;Οικονομική δραστηριότητα;Τομεακό;;FALSE;TRUE;ΔΙΠΛΟΕΓΓΡΑΦΗ;
628;Μητρώο τιμολόγησης νοσηλίων εσωτερικών ασθενών;Οικονομική δραστηριότητα;Τομεακό;1 υπηρεσία;FALSE;FALSE;;
629;Μητρώο Τράπεζας Αίματος;Άλλο;Τομεακό;1 υπηρεσία;FALSE;FALSE;;
630;Μητρώο των αναγνωρισμένων Κέντρων Εμπειρογνωμοσύνης Σπανίων και Πολύπλοκων Νοσημάτων;Υποδομές;Τομεακό;1 υπηρεσία;FALSE;FALSE;;
631;ΜΗΤΡΩΟ ΥΛΙΚΟΥ/ΕΙΔΩΝ;Αντικείμενα;Υπηρεσιακό;1 υπηρεσία;FALSE;FALSE;;
632;Μητρώο υλικών (Υπουργείο Υγείας);Αντικείμενα;Υπηρεσιακό;1 υπηρεσία;FALSE;FALSE;;
633;Μητρώο Υπαλλήλων ( Υπουργείο Υγείας );Προσωπικό;Υπηρεσιακό;1 υπηρεσία;FALSE;FALSE;;
634;Μητρώο Υπαλλήλων (ενεργών/ ανενεργών);Προσωπικό;Υπηρεσιακό;1 υπηρεσία;FALSE;FALSE;;
635;Μητρώο υπαλλήλων Νοσοκομείου;Προσωπικό;Υπηρεσιακό;1 υπηρεσία;FALSE;FALSE;;
636;Μητρώο φαρμάκων;Αντικείμενα;Τομεακό;1 υπηρεσία;FALSE;FALSE;;
637;Μητρώο Φαρμάκων και Ειδών;Αντικείμενα;Τομεακό;1 υπηρεσία;FALSE;FALSE;;
638;Μητρώο Χειρουργείων;Υποδομές;Τομεακό;1 υπηρεσία;FALSE;FALSE;;
639;Μητρώο Χρηστών και δικαιωμάτων;Προϊόντα/Υπηρεσίες;Υπηρεσιακό;1 υπηρεσία;FALSE;FALSE;;
640;ΜΗΤΡΩΟ ΨΗΦΙΑΚΗΣ ΥΠΟΔΟΜΗΣ;Υποδομές;Τομεακό;1 υπηρεσία;FALSE;FALSE;;
641;Μητρώο Ψηφιακής Υποδομής;Υποδομές;Τομεακό;;FALSE;TRUE;ΔΙΠΛΟΕΓΓΡΑΦΗ;
642;Μητρώο Ψηφιακής υποδομής;Υποδομές;Τομεακό;;FALSE;TRUE;ΔΙΠΛΟΕΓΓΡΑΦΗ;
643;ΜΗΤΩΟ ΕΙΣΕΡΧΟΜΕΝΗΣ – ΕΞΕΡΧΟΜΕΝΗΣ ΑΛΛΗΛΟΓΡΑΦΙΑΣ / ΗΛΕΚΤΡΟΝΙΚΗ ΠΡΩΤΟΚΟΛΛΗΣΗ ΕΓΓΡΑΦΩΝ (ΣΥΣΤΗΜΑ DocuTracks);Πρωτόκολλο;Υπηρεσιακό;1 υπηρεσία;FALSE;FALSE;;
644;Μισθοδοσίας (Υπουργείο Υγείας);Οικονομική δραστηριότητα;Τομεακό;1 υπηρεσία;FALSE;FALSE;;
645;Μονάδες Υγείας 3ης Υ.ΠΕ.;Υποδομές;Τομεακό;1 υπηρεσία;FALSE;FALSE;;
646;Μπλόκ Συνταγών;Άλλο;Υπηρεσιακό;1 υπηρεσία;TRUE;TRUE;ΟΧΙ ΜΗΤΡΩΟ;
647;Νοσηλευτική κίνηση (αρ. νοσηλευομένων, αρ. ημερών νοσηλείας) Νοσοκομείων;Ραντεβού;Τομεακό;1 υπηρεσία;FALSE;FALSE;;
648;ΟΑΕΔ;Πρακτικές Φοιτητών;Τομεακό;Πολλές υπηρεσίες;TRUE;TRUE;ΟΡΓΑΝΙΣΜΟΣ;
649;Οδοντιατρικοί Σύλλογοι 52;Υποδομές;Τομεακό;1 υπηρεσία;FALSE;FALSE;;
650;Οικογενειακοί Γιατροί 3ης Υ.ΠΕ.;Οικονομική δραστηριότητα;Υπηρεσιακό;1 υπηρεσία;FALSE;FALSE;;
651;Πάγια προκαταβολή (Υπουργείο Υγείας);Οικονομική δραστηριότητα;Τομεακό;1 υπηρεσία;FALSE;FALSE;;
652;ΠΑΓΙΩΝ;Αντικείμενα;Υπηρεσιακό;1 υπηρεσία;FALSE;FALSE;;
653;Παγίων;Αντικείμενα;Υπηρεσιακό;1 υπηρεσία;FALSE;TRUE;ΔΙΠΛΟΕΓΓΡΑΦΗ;
654;Πίνακες Λοιπού, πλην ιατρών, Επικουρικού Προσωπικού;Προσωπικό;Υπηρεσιακό;1 υπηρεσία;FALSE;FALSE;;
655;ΠΙΣΤΟΠΟΙΗΤΙΚΟ ΥΦΙΣΤΑΜΕΝΗΣ ΕΠΑΓΓΕΛΜΑΤΙΚΗΣ ΚΑΤΑΣΤΑΣΗΣ;Προϊόντα/Υπηρεσίες;Άλλο;1 υπηρεσία;FALSE;TRUE;ΥΠΗΡΕΣΙΑ;
656;Πληροφοριακό σύστημα αναδοχής και υιοθεσίας (anynet.gr);Άλλο;Άλλο;;FALSE;TRUE;ΟΧΙ ΜΗΤΡΩΟ;
657;ΠΛΗΡΟΦΟΡΙΑΚΟ ΣΥΣΤΗΜΑ ΠΑΡΑΚΟΛΟΥΘΗΣΗΣ F-GASES & ODS;Άλλο;Άλλο;;FALSE;TRUE;ΟΧΙ ΜΗΤΡΩΟ;
658;ΠΟΡΤΑΛ ΟΑΕΔ;Άλλο;Άλλο;;FALSE;TRUE;ΟΧΙ ΜΗΤΡΩΟ;
659;ΠΡΟΓΡΑΜΜΑ ΚΑΤΑΧΩΡΗΣΗ ΑΘΕΝΩΝ;Ραντεβού;Τομεακό;;FALSE;TRUE;ΟΧΙ ΜΗΤΡΩΟ;
660;Προκηρύξεις ή προσκλήσεις για κάλυψη θέσεων σε κέντρα υγείας, περιφερειακά ιατρεία υπόχρεων επί θητεία γενικών ιατρών;Πρωτόκολλο;Υπηρεσιακό;1 υπηρεσία;FALSE;TRUE;ΟΧΙ ΜΗΤΡΩΟ;
661;ΠΡΟΜΗΘΕΙΕΣ (iSupplies);Άλλο;Άλλο;;FALSE;TRUE;ΥΠΗΡΕΣΙΑ;
662;ΠΡΟΜΗΘΕΥΤΩΝ;Επιχειρήσεις;Τομεακό;1 υπηρεσία;FALSE;TRUE;ΔΙΠΛΟΕΓΓΡΑΦΗ;
663;Προσλήψεις ιατρών και οδοντιάτρων κλάδου Εθνικού Συστήματος Υγείας, καθώς και ιατρικού επικουρικού προσωπικού;Προσωπικό;Τομεακό;1 υπηρεσία;FALSE;FALSE;;
664;Προσωπικού (Υπουργείο Υγείας);Προσωπικό;Τομεακό;1 υπηρεσία;FALSE;TRUE;ΔΙΠΛΟΕΓΓΡΑΦΗ;
665;Πρωτοκόλληση διακίνηση εισερχομένων και εξερχομένων εγγράφων (Δ/νση Ανθρ. Δυναμικού και Διοικ. Υποστήριξης);Πρωτόκολλο;Υπηρεσιακό;1 υπηρεσία;FALSE;FALSE;;
666;Ραντεβού Εξωτερικών Ιατρείων - 1535 και εργαστηρίων;Ραντεβού;Τομεακό;1 υπηρεσία;FALSE;FALSE;;
667;Ραντεβού Εξωτερικών Ιατρείων και εργαστηρίων;Ραντεβού;Τομεακό;1 υπηρεσία;FALSE;FALSE;ΔΙΠΛΟΕΓΓΡΑΦΗ;
668;Συμβούλια Κρίσης και επιλογής Ιατρών ΕΣΥ 1ης και 2ης Υ.ΠΕ.;Προσωπικό;Υπηρεσιακό;1 υπηρεσία;FALSE;FALSE;;
669;ΣΥΝΟΨΗ ΜΗΤΡΩΟΥ ΔΕΣΜΕΥΣΕΩΝ;Οικονομική δραστηριότητα;Τομεακό;1 υπηρεσία;FALSE;FALSE;;
670;Σύστημα Ηλεκτρονικής Προέγκρισης φαρμάκων;Οικονομική δραστηριότητα;Τομεακό;1 υπηρεσία;FALSE;FALSE;;
671;Ταμείο (Υπουργείο Υγείας);Οικονομική δραστηριότητα;Υπηρεσιακό;Εσωτερική;FALSE;TRUE;ΟΡΓΑΝΩΤΙΚΗ ΜΟΝΑΔΑ;
672;Τιμητικές Αμοιβές για Επιστημονικές Εκδηλώσεις Τύπου Α΄ και Β΄;Προσωπικό;Τομεακό;1 υπηρεσία;FALSE;TRUE;;
673;Τμήμα Βιοϊατρικής Τεχνολογίας;Πρωτόκολλο;Υπηρεσιακό;Εσωτερική;FALSE;TRUE;ΟΡΓΑΝΩΤΙΚΗ ΜΟΝΑΔΑ;
674;Τμήμα Γραμματείας;Προσωπικό;Υπηρεσιακό;Εσωτερική;FALSE;TRUE;ΟΡΓΑΝΩΤΙΚΗ ΜΟΝΑΔΑ;
675;Τμήμα Γραμματείας Ε.Ι. και Τ.Ε.Π;Προσωπικό;Υπηρεσιακό;Εσωτερική;FALSE;TRUE;ΟΡΓΑΝΩΤΙΚΗ ΜΟΝΑΔΑ;
676;Τμήμα Δ.Α.Δ.;Αρχεία;Υπηρεσιακό;Εσωτερική;FALSE;TRUE;ΟΡΓΑΝΩΤΙΚΗ ΜΟΝΑΔΑ;
677;Τμήμα Επιστασίας - Ιματισμού;Υποδομές;Υπηρεσιακό;Εσωτερική;FALSE;TRUE;ΟΡΓΑΝΩΤΙΚΗ ΜΟΝΑΔΑ;
678;Τμήμα Επιστασίας-Ιματισμού;Υποδομές;Υπηρεσιακό;Εσωτερική;FALSE;TRUE;ΔΙΠΛΟΕΓΓΡΑΦΗ;
679;Τμήμα Κίνησης Ασθενών: Μητρώο Ασθενών;Πρωτόκολλο;Τομεακό;1 υπηρεσία;FALSE;TRUE;ΟΡΓΑΝΩΤΙΚΗ ΜΟΝΑΔΑ;
680;Τμήμα Κίνησης Ασθενών: Μητρώο Ασθενών Λίστας Χειρουργείου;Πολίτες+;Τομεακό;1 υπηρεσία;FALSE;TRUE;ΟΡΓΑΝΩΤΙΚΗ ΜΟΝΑΔΑ;
681;Τμήμα Κίνησης Ασθενών: Μητρώο Ιατρικών Φακέλων Ασθενών (ΑΡΧΕΙΟ)- πρόγραμμα σε Excel;Πολίτες+;Υπηρεσιακό;1 υπηρεσία;FALSE;TRUE;ΟΡΓΑΝΩΤΙΚΗ ΜΟΝΑΔΑ;
682;Τμήμα Κίνησης Ασθενών: Μητρώο τιμολόγησης νοσηλίων εσωτερικών ασθενών- Μονάδας Τεχνητού Νεφρού- Δομών Ψυχικής Υγείας;Οικονομική δραστηριότητα;Τομεακό;1 υπηρεσία;FALSE;TRUE;ΟΡΓΑΝΩΤΙΚΗ ΜΟΝΑΔΑ;
683;Τμήμα Οικονομικού-Εντάλματα;Οικονομική δραστηριότητα;Υπηρεσιακό;Εσωτερική;FALSE;TRUE;ΟΡΓΑΝΩΤΙΚΗ ΜΟΝΑΔΑ;
684;Τμήμα Οικονομικού-Λογιστήριο;Οικονομική δραστηριότητα;Τομεακό;1 υπηρεσία;FALSE;TRUE;ΟΡΓΑΝΩΤΙΚΗ ΜΟΝΑΔΑ;
685;Τμήμα Οικονομικού-Μισθοδοσία;Προσωπικό;Υπηρεσιακό;Εσωτερική;FALSE;TRUE;ΟΡΓΑΝΩΤΙΚΗ ΜΟΝΑΔΑ;
686;Τμήμα Οικονομικού-Προμηθειών-Διαχείριση Υλικού;Οικονομική δραστηριότητα;Υπηρεσιακό;Εσωτερική;FALSE;TRUE;ΟΡΓΑΝΩΤΙΚΗ ΜΟΝΑΔΑ;
687;Τμήμα Οικονομικού-Προϋπολογισμού;Οικονομική δραστηριότητα;Υπηρεσιακό;Εσωτερική;FALSE;TRUE;ΟΡΓΑΝΩΤΙΚΗ ΜΟΝΑΔΑ;
688;Τμήμα Οικονομικού-Ταμείο;Οικονομική δραστηριότητα;Υπηρεσιακό;Εσωτερική;FALSE;TRUE;ΟΡΓΑΝΩΤΙΚΗ ΜΟΝΑΔΑ;
689;Τμημα Τεχνικού;Υποδομές;Υπηρεσιακό;1 υπηρεσία;FALSE;TRUE;ΟΡΓΑΝΩΤΙΚΗ ΜΟΝΑΔΑ;
690;Υλικών (Υπουργείο Υγείας);Αντικείμενα;Υπηρεσιακό;1 υπηρεσία;FALSE;FALSE;;
691;ΥΠΑΛΛΗΛΩΝ;Προσωπικό;Υπηρεσιακό;1 υπηρεσία;FALSE;FALSE;;
692;ΦΑΡΜΑΚΩΝ;Αντικείμενα;Τομεακό;1 υπηρεσία;FALSE;FALSE;;
693;Φαρμάκων;Αντικείμενα;Τομεακό;;FALSE;TRUE;ΔΙΠΛΟΕΓΓΡΑΦΗ;
694;ΧΕΙΡΟΥΡΓΕΙΩΝ;Υποδομές;Τομεακό;1 υπηρεσία;FALSE;FALSE;;
695;ΧΟΡΗΓΗΣΗ ΑΔΕΙΑΣ ΧΡΗΣΗΣ ΤΙΤΛΟΥ ΙΑΤΡΙΚΗΣ ΕΙΔΙΚΟΤΗΤΑΣ;Άδειες;Εθνικό;Πολλές υπηρεσίες;TRUE;FALSE;ΥΠΗΡΕΣΙΑ;
696;ΧΟΡΗΓΗΣΗ ΠΙΣΤΟΠΟΙΗΤΙΚΟΥ ΟΡΘΗΣ ΑΣΚΗΣΗΣ ΙΑΤΡΙΚΟΥ ΕΠΑΓΓΕΛΜΑΤΟΣ;Αποφάσεις;Εθνικό;Πολλές υπηρεσίες;TRUE;FALSE;ΥΠΗΡΕΣΙΑ;
697;ΧΟΡΗΓΗΣΗ ΤΙΤΛΟΥ ΙΑΤΡΙΚΗΣ ΕΙΔΙΚΟΤΗΤΑΣ ΑΠΟ Ε.Ε. (ΑΥΤΟΜΑΤΗ ΑΝΑΓΝΩΡΙΣΗ);Αποφάσεις;Εθνικό;Πολλές υπηρεσίες;TRUE;FALSE;ΥΠΗΡΕΣΙΑ;
698;Εθνικό Μητρώο Γεφυρών;Υποδομές;Εθνικό;1 υπηρεσία;FALSE;FALSE;;
699;Εθνικό Μητρώο Μεταφορικών Επιχειρήσεων (ΕΜΜΕ);Επιχειρήσεις;Τομεακό;1 υπηρεσία;FALSE;FALSE;;
700;Ηλεκτρονική γεωγραφική και περιγραφική βάση δεδομένων του δικτύου δημοσίων συγκοινωνιών της περιοχής ευθύνης της ΟΣΕΘ ΑΕ.;Υποδομές;Εθνικό;1 υπηρεσία;FALSE;FALSE;;
701;Ηλεκτρονική γεωγραφική και περιγραφική βάση δεδομένων του δικτύου δημοσίων συγκοινωνιών της περιοχής ευθύνης της ΟΣΘ ΑΕ;Υποδομές;Εθνικό;1 υπηρεσία;FALSE;FALSE;;
702;Μητρώα της ΓΑΙΑ ΟΣΕ Α.Ε.;Υποδομές;Εθνικό;1 υπηρεσία;TRUE;FALSE;ΠΟΛΛΑΠΛΑ ΜΗΤΡΩΑ;
703;Μητρώα της Γενικής Γραμματείας Μεταφορών;;;;TRUE;FALSE;ΠΟΛΛΑΠΛΑ ΜΗΤΡΩΑ;
704;Μητρώα της Γενικής Γραμματείας Υποδομών;;;;TRUE;FALSE;ΠΟΛΛΑΠΛΑ ΜΗΤΡΩΑ;
705;Μητρώα της Ρυθμιστικής Αρχής Σιδηροδρόμων;;;;TRUE;FALSE;ΠΟΛΛΑΠΛΑ ΜΗΤΡΩΑ;
706;Μητρώα του Οργανισμού Σιδηροδρόμων Ελλάδος (ΟΣΕ);;;;TRUE;FALSE;ΠΟΛΛΑΠΛΑ ΜΗΤΡΩΑ;
707;Μητρώα του Οργανισμού Συγκοινωνιακού Έργου Θεσσαλονίκης Α.Ε.(ΟΣΕΘ ΑΕ);;;;TRUE;FALSE;ΠΟΛΛΑΠΛΑ ΜΗΤΡΩΑ;
708;Μητρώο Αδειών Κυκλοφορίας Οχημάτων;Οχήματα;Εθνικό;Πολλές υπηρεσίες;FALSE;FALSE;;
709;Μητρώο αδειών οδήγησης;Πολίτες+;Εθνικό;Πολλές υπηρεσίες;FALSE;FALSE;;
710;Μητρώο ανθρώπινου δυναμικού με προσωπικά και μισθολογικά στοιχεία;Προσωπικό;Υπηρεσιακό;1 υπηρεσία;FALSE;FALSE;;
711;Μητρώο απαλλοτριώσεων;Υποδομές;Εθνικό;1 υπηρεσία;FALSE;FALSE;;
712;Μητρώο Δικτυακών Υποδομών;Υποδομές;Εθνικό;1 υπηρεσία;FALSE;FALSE;;
713;Μητρώο Επαναληπτών;Υποδομές;Εθνικό;1 υπηρεσία;FALSE;FALSE;;
714;Μητρώο μισθοδοσίας προσωπικού;Οικονομική δραστηριότητα;Τομεακό;1 υπηρεσία;FALSE;TRUE;ΛΟΓΙΣΜΙΚΟ;
715;Μητρώο Οδών;Υποδομές;Εθνικό;1 υπηρεσία;FALSE;FALSE;;
716;ΜΗΤΡΩΟ ΠΡΑΤΗΡΙΩΝ ΠΑΡΟΧΗΣ ΚΑΥΣΙΜΩΝ ΚΑΙ ΕΝΕΡΓΕΙΑΣ;Υποδομές;Εθνικό;1 υπηρεσία;FALSE;FALSE;;
717;Μητρώο Ραδιοερασιτεχνών;Πολίτες+;Εθνικό;1 υπηρεσία;FALSE;FALSE;;
718;Μητρώο Συμβάσεων Διοικητικών Προμηθειών;Οικονομική δραστηριότητα;Τομεακό;1 υπηρεσία;FALSE;FALSE;;
719;Μητρώο Συμβάσεων Εκπόνησης Μελετών;Οικονομική δραστηριότητα;Τομεακό;1 υπηρεσία;FALSE;FALSE;;
720;Μητρώο Συμβάσεων Κατασκευής Έργων;Οικονομική δραστηριότητα;Τομεακό;1 υπηρεσία;FALSE;FALSE;;
721;Μητρώο Συμβάσεων Προμηθειών Έργων;Οικονομική δραστηριότητα;Τομεακό;1 υπηρεσία;FALSE;FALSE;;
722;Μητρώο της Γενικής Διεύθυνσης Διοικητικών Υπηρεσιών , Διεύθυνση Διοίκησης;;;;FALSE;FALSE;;ΧΡΕΙΑΖΕΤΑΙ ΔΙΕΥΚΡΙΝΙΣΗ
723;Μητρώο Υποδομών και Φορέων Αγοράς Ηλεκτροκίνησης (Μ.Υ.Φ.Α.Η.);Άλλο;;;FALSE;FALSE;;
724;Μητρώο φορέων διαμεσολάβησης και συμβάσεων Ε.Ι.Χ. οχημάτων με οδηγό;;;;FALSE;TRUE;ΔΙΑΔΥΚΤΙΑΚΗ ΠΥΛΗ;
725;Μητρώο Φορέων Εκμετάλλευσης Βασικών Υπηρεσιών και Παροχών Ψηφιακών Υπηρεσιών;Οργανισμοί/Φορείς;;;FALSE;FALSE;;
726;Τεχνικό Αρχείο Οχημάτων (ΤΑΟ);Οχήματα;;;FALSE;FALSE;;
727;Εθνικό Μητρώο Επικοινωνίας;Πολίτες+;Εθνικό;Πολλές υπηρεσίες;FALSE;FALSE;;
728;Μητρώο Διαδικτυακών Υπηρεσιών;Προϊόντα/Υπηρεσίες;Τομεακό;Πολλές υπηρεσίες;FALSE;FALSE;;
